Workbook

Sheet Read Me
A1: This spreadsheet was created by Aaron Brown on March 17, 2019, this version March 18, 2019 with updated frequency estimates from ESPN pool data
A3: It is an experimental system for using factor investing principles to make NCAA bracket pool selections
A5: Use at your own risk, I make no representations about the quality of the system or the accuracy of the spreadsheet
A7: Read the paper available at https://www.eraider.com/nfl-picks for important qualifications
A9: Everything you need is in the Bracket tab, the other tabs are for data input or calculation
A11: All cells in the workbook are protected, but without password, except the round point values at the top left of the Bracket tab
A13: Protection is only to stop accidental changes, feel free to remove it and modify as you like
A15: You can set your own round point values (the spreadsheet does not accommodate seed-based or other more complex scoring systems)
A17: You can change anything else you like, including measures of quality, size and momentum; and slot probabilities and frequencies
A19: The system gives star ratings to every slot pick, but it does not account for how many upsets you should pick
A21: You can work from round 1 forward, or the champion backward, or any other way you like
A23: Except perhaps in the largest pools, such as national competitions with millions of entries, picking the top star rating at every opportunity will result in far too many and too unlikely upset picksl Keep an eye on the estimated win probability. Don't use it to make picks, because it assumes that the probability and frequency tables are exactly correct. The entire point of the spreadsheet is to take advantage of deviations from those values. But the estimated win probability is useful to tell you if you have about the correct number of upset picks. If your win probability is below one over the effective pool size, you have either too many upset picks, or too unlikely upset picks. If it's too high, don't trust it for the reason given in the next paragraph. Typical good bracket selections will have expected win probabilities around two divided by the effective pool size to three divided by the expected pool size.
A25: The system does not account for game theory considerations, such that other people in your pool may use the same or similar methodologies so your picks could be correlated. This is particularly important when interpreting the estimated win probability. For example, picking all favorites may look good, and it could be good if everyone else in the pool picked according to the frequency assumptions. But some people will pick nearly all favorites, while others will pick many longshots. So it's important to make your picks different from other people's, even if that results in a somewhat lower estimated win probability.

Sheet Sheet1

Sheet Bracket
A1: Input parameters | D1: Total | E1: R64 | F1: R32 | G1: S16 | H1: E8 | I1: F4 | J1: C6 | L1: Your estimated chance of winning the pool | O1: =SUM(P7:AB7)
A2: Points per round | D2: =32*E2+16*F2+8*G2+4*H2+2*I2+J2 | E2: 2 | F2: 3 | G2: 5 | H2: 8 | I2: 13 | J2: 21
A3: Effective pool size | D3: 100
A4: Score distributions | D4: Total | E4: R64 | F4: R32 | G4: S16 | H4: E8 | I4: F4 | J4: C6 | L4: Probability | O4: =MIN(1,2*P4) | P4: =MIN(1,2*Q4) | Q4: =MIN(1,2*R4) | R4: =MIN(1,2*S4) | S4: =MIN(1,2*T4) | T4: =MIN(1,2*U4) | U4: =MIN(1,2*V4) | V4: =1/D3 | W4: =V4/2 | X4: =W4/2 | Y4: =X4/2 | Z4: =Y4/2 | AA4: =Z4/2 | AB4: 0
A5: Expected points | C5: You | D5: =SUM(E5:J5) | E5: =E2*SUMPRODUCT(E14:E77,'Brackets - prob'!B2:B65) | F5: =F2*SUMPRODUCT(F14:F77,'Brackets - prob'!C2:C65) | G5: =G2*SUMPRODUCT(G14:G77,'Brackets - prob'!D2:D65) | H5: =H2*SUMPRODUCT(H14:H77,'Brackets - prob'!E2:E65) | I5: =I2*SUMPRODUCT(I14:I77,'Brackets - prob'!F2:F65) | J5: =J2*SUMPRODUCT(J14:J77,'Brackets - prob'!G2:G65) | L5: Your score deviation | O5: =-D2 | P5: =$D10+NORMSINV(1-P4)*$E10 | Q5: =$D10+NORMSINV(1-Q4)*$E10 | R5: =$D10+NORMSINV(1-R4)*$E10 | S5: =$D10+NORMSINV(1-S4)*$E10 | T5: =$D10+NORMSINV(1-T4)*$E10 | U5: =$D10+NORMSINV(1-U4)*$E10 | V5: =$D10+NORMSINV(1-V4)*$E10 | W5: =$D10+NORMSINV(1-W4)*$E10 | ... AA5: =$D10+NORMSINV(1-AA4)*$E10 | AB5: =D2
C6: Field | D6: =SUM(E6:J6) | E6: =E2*SUMPRODUCT('Brackets - prob'!B2:B65,'Brackets - freq'!B2:B65) | F6: =F2*SUMPRODUCT('Brackets - prob'!C2:C65,'Brackets - freq'!C2:C65) | G6: =G2*SUMPRODUCT('Brackets - prob'!D2:D65,'Brackets - freq'!D2:D65) | H6: =H2*SUMPRODUCT('Brackets - prob'!E2:E65,'Brackets - freq'!E2:E65) | I6: =I2*SUMPRODUCT('Brackets - prob'!F2:F65,'Brackets - freq'!F2:F65) | J6: =J2*SUMPRODUCT('Brackets - prob'!G2:G65,'Brackets - freq'!G2:G65) | L6: Pool win probability | O6: 0 | P6: =NORMDIST(P5,$D11,$E11,TRUE)^($D3-1) | Q6: =NORMDIST(Q5,$D11,$E11,TRUE)^($D3-1) | R6: =NORMDIST(R5,$D11,$E11,TRUE)^($D3-1) | S6: =NORMDIST(S5,$D11,$E11,TRUE)^($D3-1) | T6: =NORMDIST(T5,$D11,$E11,TRUE)^($D3-1) | U6: =NORMDIST(U5,$D11,$E11,TRUE)^($D3-1) | V6: =NORMDIST(V5,$D11,$E11,TRUE)^($D3-1) | W6: =NORMDIST(W5,$D11,$E11,TRUE)^($D3-1) | ... AA6: =NORMDIST(AA5,$D11,$E11,TRUE)^($D3-1) | AB6: 1
A7: Deviation variance | C7: You | D7: =SUM(E7:J7) | E7: =E2^2*SUMPRODUCT(E14:E77,'Slot calculations'!AF3:AF66) | F7: =F2^2*SUMPRODUCT(F14:F77,'Slot calculations'!AG3:AG66) | G7: =G2^2*SUMPRODUCT(G14:G77,'Slot calculations'!AH3:AH66) | H7: =H2^2*SUMPRODUCT(H14:H77,'Slot calculations'!AI3:AI66) | I7: =I2^2*SUMPRODUCT(I14:I77,'Slot calculations'!AJ3:AJ66) | J7: =J2^2*SUMPRODUCT(J14:J77,'Slot calculations'!AK3:AK66) | L7: Contribution to total | P7: =(O4-P4)*(O6+P6)/2 | Q7: =(P4-Q4)*(P6+Q6)/2 | R7: =(Q4-R4)*(Q6+R6)/2 | S7: =(R4-S4)*(R6+S6)/2 | T7: =(S4-T4)*(S6+T6)/2 | U7: =(T4-U4)*(T6+U6)/2 | V7: =(U4-V4)*(U6+V6)/2 | W7: =(V4-W4)*(V6+W6)/2 | ... AB7: =(AA4-AB4)*(AA6+AB6)/2
C8: Field | D8: =SUM(E8:J8) | E8: =E2^2*SUMPRODUCT('Brackets - freq'!B2:B65,'Slot calculations'!AF3:AF66) | F8: =F2^2*SUMPRODUCT('Brackets - freq'!C2:C65,'Slot calculations'!AG3:AG66) | G8: =G2^2*SUMPRODUCT('Brackets - freq'!D2:D65,'Slot calculations'!AH3:AH66) | H8: =H2^2*SUMPRODUCT('Brackets - freq'!E2:E65,'Slot calculations'!AI3:AI66) | I8: =I2^2*SUMPRODUCT('Brackets - freq'!F2:F65,'Slot calculations'!AJ3:AJ66) | J8: =J2^2*SUMPRODUCT('Brackets - freq'!G2:G65,'Slot calculations'!AK3:AK66)
D9: Mean | E9: Std dev
A10: Deviation parameters | C10: You | D10: =D5-D6 | E10: =SQRT(D7)
C11: Field | D11: 0 | E11: =SQRT(D8)
A12: Seed | B12: Team | E12: Picks | K12: Star ratings | Q12: Raw Values | T12: Median | V12: Indicator | Y12: Value | AE12: BAB
E13: R64 | F13: R32 | G13: S16 | H13: E8 | I13: F4 | J13: C6 | K13: R64 | L13: R32 | M13: S16 | N13: E8 | O13: F4 | P13: C6 | Q13: Quality | R13: Size | S13: Mom | T13: Quality | U13: Size | V13: Quality | W13: Size | X13: Mom | Y13: R64 | Z13: R32 | AA13: S16 | AB13: E8 | AC13: F4 | AD13: C6 | AE13: R64 | AF13: R32 | AG13: S16 | AH13: E8 | AI13: F4 | AJ13: C6
A14: 1 | B14: Duke | E14: 1 | F14: 1 | G14: 1 | H14: 1 | I14: 1 | J14: 1 | K14: =REPT(CHAR(152),SUM($V14:$X14)+Y14+AE14) | L14: =REPT(CHAR(152),SUM($V14:$X14)+Z14+AF14) | M14: =REPT(CHAR(152),SUM($V14:$X14)+AA14+AG14) | N14: =REPT(CHAR(152),SUM($V14:$X14)+AB14+AH14) | O14: =REPT(CHAR(152),SUM($V14:$X14)+AC14+AI14) | P14: =REPT(CHAR(152),SUM($V14:$X14)+AD14+AJ14) | Q14: =VLOOKUP(B14,Quality!A$2:B$252,2,FALSE) | R14: =VLOOKUP(B14,Size!A$2:B$299,2,FALSE) | S14: =VLOOKUP(B14,Mom!A$2:B$68,2,FALSE) | T14: {=MEDIAN(IF($A$14:$A$77=$A14,Q$14:Q$77))} | U14: {=MEDIAN(IF($A$14:$A$77=$A14,R$14:R$77))} | V14: =IF(Q14>T14,1,0) | W14: =IF(R14>U14,1,0) | X14: =IF(OR(AND(A14<9,S14>3),AND(A14>8,S14<4)),1,0) | Y14: ='Slot calculations'!BD3 | Z14: ='Slot calculations'!BE3 | AA14: ='Slot calculations'!BF3 | AB14: ='Slot calculations'!BG3 | AC14: ='Slot calculations'!BH3 | AD14: ='Slot calculations'!BI3 | AE14: ='Slot calculations'!BJ3 | AF14: ='Slot calculations'!BK3 | ... AJ14: ='Slot calculations'!BO3
A15: 16 | B15: NDS/NCC | E15: 0 | F15: 0 | G15: 0 | H15: 0 | I15: 0 | J15: 0 | K15: =REPT(CHAR(152),SUM($V15:$X15)+Y15+AE15) | L15: =REPT(CHAR(152),SUM($V15:$X15)+Z15+AF15) | M15: =REPT(CHAR(152),SUM($V15:$X15)+AA15+AG15) | N15: =REPT(CHAR(152),SUM($V15:$X15)+AB15+AH15) | O15: =REPT(CHAR(152),SUM($V15:$X15)+AC15+AI15) | P15: =REPT(CHAR(152),SUM($V15:$X15)+AD15+AJ15) | Q15: =(Q78+Q79)/2 | R15: =(R78+R79)/2 | S15: =(S78+S79)/2 | T15: {=MEDIAN(IF($A$14:$A$77=$A15,Q$14:Q$77))} | U15: {=MEDIAN(IF($A$14:$A$77=$A15,R$14:R$77))} | V15: =IF(Q15>T15,1,0) | W15: =IF(R15>U15,1,0) | X15: =IF(OR(AND(A15<9,S15>3),AND(A15>8,S15<4)),1,0) | Y15: ='Slot calculations'!BD4 | Z15: ='Slot calculations'!BE4 | AA15: ='Slot calculations'!BF4 | AB15: ='Slot calculations'!BG4 | AC15: ='Slot calculations'!BH4 | AD15: ='Slot calculations'!BI4 | AE15: ='Slot calculations'!BJ4 | AF15: ='Slot calculations'!BK4 | ... AJ15: ='Slot calculations'!BO4
A16: 8 | B16: VCU | E16: 1 | F16: 0 | G16: 0 | H16: 0 | I16: 0 | J16: 0 | K16: =REPT(CHAR(152),SUM($V16:$X16)+Y16+AE16) | L16: =REPT(CHAR(152),SUM($V16:$X16)+Z16+AF16) | M16: =REPT(CHAR(152),SUM($V16:$X16)+AA16+AG16) | N16: =REPT(CHAR(152),SUM($V16:$X16)+AB16+AH16) | O16: =REPT(CHAR(152),SUM($V16:$X16)+AC16+AI16) | P16: =REPT(CHAR(152),SUM($V16:$X16)+AD16+AJ16) | Q16: =VLOOKUP(B16,Quality!A$2:B$252,2,FALSE) | R16: =VLOOKUP(B16,Size!A$2:B$299,2,FALSE) | S16: =VLOOKUP(B16,Mom!A$2:B$68,2,FALSE) | T16: {=MEDIAN(IF($A$14:$A$77=$A16,Q$14:Q$77))} | U16: {=MEDIAN(IF($A$14:$A$77=$A16,R$14:R$77))} | V16: =IF(Q16>T16,1,0) | W16: =IF(R16>U16,1,0) | X16: =IF(OR(AND(A16<9,S16>3),AND(A16>8,S16<4)),1,0) | Y16: ='Slot calculations'!BD5 | Z16: ='Slot calculations'!BE5 | AA16: ='Slot calculations'!BF5 | AB16: ='Slot calculations'!BG5 | AC16: ='Slot calculations'!BH5 | AD16: ='Slot calculations'!BI5 | AE16: ='Slot calculations'!BJ5 | AF16: ='Slot calculations'!BK5 | ... AJ16: ='Slot calculations'!BO5
A17: 9 | B17: UCF | E17: 0 | F17: 0 | G17: 0 | H17: 0 | I17: 0 | J17: 0 | K17: =REPT(CHAR(152),SUM($V17:$X17)+Y17+AE17) | L17: =REPT(CHAR(152),SUM($V17:$X17)+Z17+AF17) | M17: =REPT(CHAR(152),SUM($V17:$X17)+AA17+AG17) | N17: =REPT(CHAR(152),SUM($V17:$X17)+AB17+AH17) | O17: =REPT(CHAR(152),SUM($V17:$X17)+AC17+AI17) | P17: =REPT(CHAR(152),SUM($V17:$X17)+AD17+AJ17) | Q17: =VLOOKUP(B17,Quality!A$2:B$252,2,FALSE) | R17: =VLOOKUP(B17,Size!A$2:B$299,2,FALSE) | S17: =VLOOKUP(B17,Mom!A$2:B$68,2,FALSE) | T17: {=MEDIAN(IF($A$14:$A$77=$A17,Q$14:Q$77))} | U17: {=MEDIAN(IF($A$14:$A$77=$A17,R$14:R$77))} | V17: =IF(Q17>T17,1,0) | W17: =IF(R17>U17,1,0) | X17: =IF(OR(AND(A17<9,S17>3),AND(A17>8,S17<4)),1,0) | Y17: ='Slot calculations'!BD6 | Z17: ='Slot calculations'!BE6 | AA17: ='Slot calculations'!BF6 | AB17: ='Slot calculations'!BG6 | AC17: ='Slot calculations'!BH6 | AD17: ='Slot calculations'!BI6 | AE17: ='Slot calculations'!BJ6 | AF17: ='Slot calculations'!BK6 | ... AJ17: ='Slot calculations'!BO6
A18: 5 | B18: Mississippi State | E18: 1 | F18: 1 | G18: 0 | H18: 0 | I18: 0 | J18: 0 | K18: =REPT(CHAR(152),SUM($V18:$X18)+Y18+AE18) | L18: =REPT(CHAR(152),SUM($V18:$X18)+Z18+AF18) | M18: =REPT(CHAR(152),SUM($V18:$X18)+AA18+AG18) | N18: =REPT(CHAR(152),SUM($V18:$X18)+AB18+AH18) | O18: =REPT(CHAR(152),SUM($V18:$X18)+AC18+AI18) | P18: =REPT(CHAR(152),SUM($V18:$X18)+AD18+AJ18) | Q18: =VLOOKUP(B18,Quality!A$2:B$252,2,FALSE) | R18: =VLOOKUP(B18,Size!A$2:B$299,2,FALSE) | S18: =VLOOKUP(B18,Mom!A$2:B$68,2,FALSE) | T18: {=MEDIAN(IF($A$14:$A$77=$A18,Q$14:Q$77))} | U18: {=MEDIAN(IF($A$14:$A$77=$A18,R$14:R$77))} | V18: =IF(Q18>T18,1,0) | W18: =IF(R18>U18,1,0) | X18: =IF(OR(AND(A18<9,S18>3),AND(A18>8,S18<4)),1,0) | Y18: ='Slot calculations'!BD7 | Z18: ='Slot calculations'!BE7 | AA18: ='Slot calculations'!BF7 | AB18: ='Slot calculations'!BG7 | AC18: ='Slot calculations'!BH7 | AD18: ='Slot calculations'!BI7 | AE18: ='Slot calculations'!BJ7 | AF18: ='Slot calculations'!BK7 | ... AJ18: ='Slot calculations'!BO7
A19: 12 | B19: Liberty | E19: 0 | F19: 0 | G19: 0 | H19: 0 | I19: 0 | J19: 0 | K19: =REPT(CHAR(152),SUM($V19:$X19)+Y19+AE19) | L19: =REPT(CHAR(152),SUM($V19:$X19)+Z19+AF19) | M19: =REPT(CHAR(152),SUM($V19:$X19)+AA19+AG19) | N19: =REPT(CHAR(152),SUM($V19:$X19)+AB19+AH19) | O19: =REPT(CHAR(152),SUM($V19:$X19)+AC19+AI19) | P19: =REPT(CHAR(152),SUM($V19:$X19)+AD19+AJ19) | Q19: =VLOOKUP(B19,Quality!A$2:B$252,2,FALSE) | R19: =VLOOKUP(B19,Size!A$2:B$299,2,FALSE) | S19: =VLOOKUP(B19,Mom!A$2:B$68,2,FALSE) | T19: {=MEDIAN(IF($A$14:$A$77=$A19,Q$14:Q$77))} | U19: {=MEDIAN(IF($A$14:$A$77=$A19,R$14:R$77))} | V19: =IF(Q19>T19,1,0) | W19: =IF(R19>U19,1,0) | X19: =IF(OR(AND(A19<9,S19>3),AND(A19>8,S19<4)),1,0) | Y19: ='Slot calculations'!BD8 | Z19: ='Slot calculations'!BE8 | AA19: ='Slot calculations'!BF8 | AB19: ='Slot calculations'!BG8 | AC19: ='Slot calculations'!BH8 | AD19: ='Slot calculations'!BI8 | AE19: ='Slot calculations'!BJ8 | AF19: ='Slot calculations'!BK8 | ... AJ19: ='Slot calculations'!BO8
A20: 4 | B20: Virginia Tech | E20: 1 | F20: 0 | G20: 0 | H20: 0 | I20: 0 | J20: 0 | K20: =REPT(CHAR(152),SUM($V20:$X20)+Y20+AE20) | L20: =REPT(CHAR(152),SUM($V20:$X20)+Z20+AF20) | M20: =REPT(CHAR(152),SUM($V20:$X20)+AA20+AG20) | N20: =REPT(CHAR(152),SUM($V20:$X20)+AB20+AH20) | O20: =REPT(CHAR(152),SUM($V20:$X20)+AC20+AI20) | P20: =REPT(CHAR(152),SUM($V20:$X20)+AD20+AJ20) | Q20: =VLOOKUP(B20,Quality!A$2:B$252,2,FALSE) | R20: =VLOOKUP(B20,Size!A$2:B$299,2,FALSE) | S20: =VLOOKUP(B20,Mom!A$2:B$68,2,FALSE) | T20: {=MEDIAN(IF($A$14:$A$77=$A20,Q$14:Q$77))} | U20: {=MEDIAN(IF($A$14:$A$77=$A20,R$14:R$77))} | V20: =IF(Q20>T20,1,0) | W20: =IF(R20>U20,1,0) | X20: =IF(OR(AND(A20<9,S20>3),AND(A20>8,S20<4)),1,0) | Y20: ='Slot calculations'!BD9 | Z20: ='Slot calculations'!BE9 | AA20: ='Slot calculations'!BF9 | AB20: ='Slot calculations'!BG9 | AC20: ='Slot calculations'!BH9 | AD20: ='Slot calculations'!BI9 | AE20: ='Slot calculations'!BJ9 | AF20: ='Slot calculations'!BK9 | ... AJ20: ='Slot calculations'!BO9
A21: 13 | B21: Saint Louis | E21: 0 | F21: 0 | G21: 0 | H21: 0 | I21: 0 | J21: 0 | K21: =REPT(CHAR(152),SUM($V21:$X21)+Y21+AE21) | L21: =REPT(CHAR(152),SUM($V21:$X21)+Z21+AF21) | M21: =REPT(CHAR(152),SUM($V21:$X21)+AA21+AG21) | N21: =REPT(CHAR(152),SUM($V21:$X21)+AB21+AH21) | O21: =REPT(CHAR(152),SUM($V21:$X21)+AC21+AI21) | P21: =REPT(CHAR(152),SUM($V21:$X21)+AD21+AJ21) | Q21: =VLOOKUP(B21,Quality!A$2:B$252,2,FALSE) | R21: =VLOOKUP(B21,Size!A$2:B$299,2,FALSE) | S21: =VLOOKUP(B21,Mom!A$2:B$68,2,FALSE) | T21: {=MEDIAN(IF($A$14:$A$77=$A21,Q$14:Q$77))} | U21: {=MEDIAN(IF($A$14:$A$77=$A21,R$14:R$77))} | V21: =IF(Q21>T21,1,0) | W21: =IF(R21>U21,1,0) | X21: =IF(OR(AND(A21<9,S21>3),AND(A21>8,S21<4)),1,0) | Y21: ='Slot calculations'!BD10 | Z21: ='Slot calculations'!BE10 | AA21: ='Slot calculations'!BF10 | AB21: ='Slot calculations'!BG10 | AC21: ='Slot calculations'!BH10 | AD21: ='Slot calculations'!BI10 | AE21: ='Slot calculations'!BJ10 | AF21: ='Slot calculations'!BK10 | ... AJ21: ='Slot calculations'!BO10
A22: 6 | B22: Maryland | E22: 1 | F22: 1 | G22: 1 | H22: 0 | I22: 0 | J22: 0 | K22: =REPT(CHAR(152),SUM($V22:$X22)+Y22+AE22) | L22: =REPT(CHAR(152),SUM($V22:$X22)+Z22+AF22) | M22: =REPT(CHAR(152),SUM($V22:$X22)+AA22+AG22) | N22: =REPT(CHAR(152),SUM($V22:$X22)+AB22+AH22) | O22: =REPT(CHAR(152),SUM($V22:$X22)+AC22+AI22) | P22: =REPT(CHAR(152),SUM($V22:$X22)+AD22+AJ22) | Q22: =VLOOKUP(B22,Quality!A$2:B$252,2,FALSE) | R22: =VLOOKUP(B22,Size!A$2:B$299,2,FALSE) | S22: =VLOOKUP(B22,Mom!A$2:B$68,2,FALSE) | T22: {=MEDIAN(IF($A$14:$A$77=$A22,Q$14:Q$77))} | U22: {=MEDIAN(IF($A$14:$A$77=$A22,R$14:R$77))} | V22: =IF(Q22>T22,1,0) | W22: =IF(R22>U22,1,0) | X22: =IF(OR(AND(A22<9,S22>3),AND(A22>8,S22<4)),1,0) | Y22: ='Slot calculations'!BD11 | Z22: ='Slot calculations'!BE11 | AA22: ='Slot calculations'!BF11 | AB22: ='Slot calculations'!BG11 | AC22: ='Slot calculations'!BH11 | AD22: ='Slot calculations'!BI11 | AE22: ='Slot calculations'!BJ11 | AF22: ='Slot calculations'!BK11 | ... AJ22: ='Slot calculations'!BO11
A23: 11 | B23: Bel/Tem | E23: 0 | F23: 0 | G23: 0 | H23: 0 | I23: 0 | J23: 0 | K23: =REPT(CHAR(152),SUM($V23:$X23)+Y23+AE23) | L23: =REPT(CHAR(152),SUM($V23:$X23)+Z23+AF23) | M23: =REPT(CHAR(152),SUM($V23:$X23)+AA23+AG23) | N23: =REPT(CHAR(152),SUM($V23:$X23)+AB23+AH23) | O23: =REPT(CHAR(152),SUM($V23:$X23)+AC23+AI23) | P23: =REPT(CHAR(152),SUM($V23:$X23)+AD23+AJ23) | Q23: =(Q80+Q81)/2 | R23: =(R80+R81)/2 | S23: =(S80+S81)/2 | T23: {=MEDIAN(IF($A$14:$A$77=$A23,Q$14:Q$77))} | U23: {=MEDIAN(IF($A$14:$A$77=$A23,R$14:R$77))} | V23: =IF(Q23>T23,1,0) | W23: =IF(R23>U23,1,0) | X23: =IF(OR(AND(A23<9,S23>3),AND(A23>8,S23<4)),1,0) | Y23: ='Slot calculations'!BD12 | Z23: ='Slot calculations'!BE12 | AA23: ='Slot calculations'!BF12 | AB23: ='Slot calculations'!BG12 | AC23: ='Slot calculations'!BH12 | AD23: ='Slot calculations'!BI12 | AE23: ='Slot calculations'!BJ12 | AF23: ='Slot calculations'!BK12 | ... AJ23: ='Slot calculations'!BO12
A24: 3 | B24: LSU | E24: 1 | F24: 0 | G24: 0 | H24: 0 | I24: 0 | J24: 0 | K24: =REPT(CHAR(152),SUM($V24:$X24)+Y24+AE24) | L24: =REPT(CHAR(152),SUM($V24:$X24)+Z24+AF24) | M24: =REPT(CHAR(152),SUM($V24:$X24)+AA24+AG24) | N24: =REPT(CHAR(152),SUM($V24:$X24)+AB24+AH24) | O24: =REPT(CHAR(152),SUM($V24:$X24)+AC24+AI24) | P24: =REPT(CHAR(152),SUM($V24:$X24)+AD24+AJ24) | Q24: =VLOOKUP(B24,Quality!A$2:B$252,2,FALSE) | R24: =VLOOKUP(B24,Size!A$2:B$299,2,FALSE) | S24: =VLOOKUP(B24,Mom!A$2:B$68,2,FALSE) | T24: {=MEDIAN(IF($A$14:$A$77=$A24,Q$14:Q$77))} | U24: {=MEDIAN(IF($A$14:$A$77=$A24,R$14:R$77))} | V24: =IF(Q24>T24,1,0) | W24: =IF(R24>U24,1,0) | X24: =IF(OR(AND(A24<9,S24>3),AND(A24>8,S24<4)),1,0) | Y24: ='Slot calculations'!BD13 | Z24: ='Slot calculations'!BE13 | AA24: ='Slot calculations'!BF13 | AB24: ='Slot calculations'!BG13 | AC24: ='Slot calculations'!BH13 | AD24: ='Slot calculations'!BI13 | AE24: ='Slot calculations'!BJ13 | AF24: ='Slot calculations'!BK13 | ... AJ24: ='Slot calculations'!BO13
A25: 14 | B25: Yale | E25: 0 | F25: 0 | G25: 0 | H25: 0 | I25: 0 | J25: 0 | K25: =REPT(CHAR(152),SUM($V25:$X25)+Y25+AE25) | L25: =REPT(CHAR(152),SUM($V25:$X25)+Z25+AF25) | M25: =REPT(CHAR(152),SUM($V25:$X25)+AA25+AG25) | N25: =REPT(CHAR(152),SUM($V25:$X25)+AB25+AH25) | O25: =REPT(CHAR(152),SUM($V25:$X25)+AC25+AI25) | P25: =REPT(CHAR(152),SUM($V25:$X25)+AD25+AJ25) | Q25: =VLOOKUP(B25,Quality!A$2:B$252,2,FALSE) | R25: =VLOOKUP(B25,Size!A$2:B$299,2,FALSE) | S25: =VLOOKUP(B25,Mom!A$2:B$68,2,FALSE) | T25: {=MEDIAN(IF($A$14:$A$77=$A25,Q$14:Q$77))} | U25: {=MEDIAN(IF($A$14:$A$77=$A25,R$14:R$77))} | V25: =IF(Q25>T25,1,0) | W25: =IF(R25>U25,1,0) | X25: =IF(OR(AND(A25<9,S25>3),AND(A25>8,S25<4)),1,0) | Y25: ='Slot calculations'!BD14 | Z25: ='Slot calculations'!BE14 | AA25: ='Slot calculations'!BF14 | AB25: ='Slot calculations'!BG14 | AC25: ='Slot calculations'!BH14 | AD25: ='Slot calculations'!BI14 | AE25: ='Slot calculations'!BJ14 | AF25: ='Slot calculations'!BK14 | ... AJ25: ='Slot calculations'!BO14
A26: 7 | B26: Louisville | E26: 1 | F26: 1 | G26: 0 | H26: 0 | I26: 0 | J26: 0 | K26: =REPT(CHAR(152),SUM($V26:$X26)+Y26+AE26) | L26: =REPT(CHAR(152),SUM($V26:$X26)+Z26+AF26) | M26: =REPT(CHAR(152),SUM($V26:$X26)+AA26+AG26) | N26: =REPT(CHAR(152),SUM($V26:$X26)+AB26+AH26) | O26: =REPT(CHAR(152),SUM($V26:$X26)+AC26+AI26) | P26: =REPT(CHAR(152),SUM($V26:$X26)+AD26+AJ26) | Q26: =VLOOKUP(B26,Quality!A$2:B$252,2,FALSE) | R26: =VLOOKUP(B26,Size!A$2:B$299,2,FALSE) | S26: =VLOOKUP(B26,Mom!A$2:B$68,2,FALSE) | T26: {=MEDIAN(IF($A$14:$A$77=$A26,Q$14:Q$77))} | U26: {=MEDIAN(IF($A$14:$A$77=$A26,R$14:R$77))} | V26: =IF(Q26>T26,1,0) | W26: =IF(R26>U26,1,0) | X26: =IF(OR(AND(A26<9,S26>3),AND(A26>8,S26<4)),1,0) | Y26: ='Slot calculations'!BD15 | Z26: ='Slot calculations'!BE15 | AA26: ='Slot calculations'!BF15 | AB26: ='Slot calculations'!BG15 | AC26: ='Slot calculations'!BH15 | AD26: ='Slot calculations'!BI15 | AE26: ='Slot calculations'!BJ15 | AF26: ='Slot calculations'!BK15 | ... AJ26: ='Slot calculations'!BO15
A27: 10 | B27: Minnesota | E27: 0 | F27: 0 | G27: 0 | H27: 0 | I27: 0 | J27: 0 | K27: =REPT(CHAR(152),SUM($V27:$X27)+Y27+AE27) | L27: =REPT(CHAR(152),SUM($V27:$X27)+Z27+AF27) | M27: =REPT(CHAR(152),SUM($V27:$X27)+AA27+AG27) | N27: =REPT(CHAR(152),SUM($V27:$X27)+AB27+AH27) | O27: =REPT(CHAR(152),SUM($V27:$X27)+AC27+AI27) | P27: =REPT(CHAR(152),SUM($V27:$X27)+AD27+AJ27) | Q27: =VLOOKUP(B27,Quality!A$2:B$252,2,FALSE) | R27: =VLOOKUP(B27,Size!A$2:B$299,2,FALSE) | S27: =VLOOKUP(B27,Mom!A$2:B$68,2,FALSE) | T27: {=MEDIAN(IF($A$14:$A$77=$A27,Q$14:Q$77))} | U27: {=MEDIAN(IF($A$14:$A$77=$A27,R$14:R$77))} | V27: =IF(Q27>T27,1,0) | W27: =IF(R27>U27,1,0) | X27: =IF(OR(AND(A27<9,S27>3),AND(A27>8,S27<4)),1,0) | Y27: ='Slot calculations'!BD16 | Z27: ='Slot calculations'!BE16 | AA27: ='Slot calculations'!BF16 | AB27: ='Slot calculations'!BG16 | AC27: ='Slot calculations'!BH16 | AD27: ='Slot calculations'!BI16 | AE27: ='Slot calculations'!BJ16 | AF27: ='Slot calculations'!BK16 | ... AJ27: ='Slot calculations'!BO16
A28: 2 | B28: Michigan State | E28: 1 | F28: 0 | G28: 0 | H28: 0 | I28: 0 | J28: 0 | K28: =REPT(CHAR(152),SUM($V28:$X28)+Y28+AE28) | L28: =REPT(CHAR(152),SUM($V28:$X28)+Z28+AF28) | M28: =REPT(CHAR(152),SUM($V28:$X28)+AA28+AG28) | N28: =REPT(CHAR(152),SUM($V28:$X28)+AB28+AH28) | O28: =REPT(CHAR(152),SUM($V28:$X28)+AC28+AI28) | P28: =REPT(CHAR(152),SUM($V28:$X28)+AD28+AJ28) | Q28: =VLOOKUP(B28,Quality!A$2:B$252,2,FALSE) | R28: =VLOOKUP(B28,Size!A$2:B$299,2,FALSE) | S28: =VLOOKUP(B28,Mom!A$2:B$68,2,FALSE) | T28: {=MEDIAN(IF($A$14:$A$77=$A28,Q$14:Q$77))} | U28: {=MEDIAN(IF($A$14:$A$77=$A28,R$14:R$77))} | V28: =IF(Q28>T28,1,0) | W28: =IF(R28>U28,1,0) | X28: =IF(OR(AND(A28<9,S28>3),AND(A28>8,S28<4)),1,0) | Y28: ='Slot calculations'!BD17 | Z28: ='Slot calculations'!BE17 | AA28: ='Slot calculations'!BF17 | AB28: ='Slot calculations'!BG17 | AC28: ='Slot calculations'!BH17 | AD28: ='Slot calculations'!BI17 | AE28: ='Slot calculations'!BJ17 | AF28: ='Slot calculations'!BK17 | ... AJ28: ='Slot calculations'!BO17
A29: 15 | B29: Bradley | E29: 0 | F29: 0 | G29: 0 | H29: 0 | I29: 0 | J29: 0 | K29: =REPT(CHAR(152),SUM($V29:$X29)+Y29+AE29) | L29: =REPT(CHAR(152),SUM($V29:$X29)+Z29+AF29) | M29: =REPT(CHAR(152),SUM($V29:$X29)+AA29+AG29) | N29: =REPT(CHAR(152),SUM($V29:$X29)+AB29+AH29) | O29: =REPT(CHAR(152),SUM($V29:$X29)+AC29+AI29) | P29: =REPT(CHAR(152),SUM($V29:$X29)+AD29+AJ29) | Q29: =VLOOKUP(B29,Quality!A$2:B$252,2,FALSE) | R29: =VLOOKUP(B29,Size!A$2:B$299,2,FALSE) | S29: =VLOOKUP(B29,Mom!A$2:B$68,2,FALSE) | T29: {=MEDIAN(IF($A$14:$A$77=$A29,Q$14:Q$77))} | U29: {=MEDIAN(IF($A$14:$A$77=$A29,R$14:R$77))} | V29: =IF(Q29>T29,1,0) | W29: =IF(R29>U29,1,0) | X29: =IF(OR(AND(A29<9,S29>3),AND(A29>8,S29<4)),1,0) | Y29: ='Slot calculations'!BD18 | Z29: ='Slot calculations'!BE18 | AA29: ='Slot calculations'!BF18 | AB29: ='Slot calculations'!BG18 | AC29: ='Slot calculations'!BH18 | AD29: ='Slot calculations'!BI18 | AE29: ='Slot calculations'!BJ18 | AF29: ='Slot calculations'!BK18 | ... AJ29: ='Slot calculations'!BO18
A30: 1 | B30: Gonzaga | E30: 1 | F30: 1 | G30: 1 | H30: 1 | I30: 0 | J30: 0 | K30: =REPT(CHAR(152),SUM($V30:$X30)+Y30+AE30) | L30: =REPT(CHAR(152),SUM($V30:$X30)+Z30+AF30) | M30: =REPT(CHAR(152),SUM($V30:$X30)+AA30+AG30) | N30: =REPT(CHAR(152),SUM($V30:$X30)+AB30+AH30) | O30: =REPT(CHAR(152),SUM($V30:$X30)+AC30+AI30) | P30: =REPT(CHAR(152),SUM($V30:$X30)+AD30+AJ30) | Q30: =VLOOKUP(B30,Quality!A$2:B$252,2,FALSE) | R30: =VLOOKUP(B30,Size!A$2:B$299,2,FALSE) | S30: =VLOOKUP(B30,Mom!A$2:B$68,2,FALSE) | T30: {=MEDIAN(IF($A$14:$A$77=$A30,Q$14:Q$77))} | U30: {=MEDIAN(IF($A$14:$A$77=$A30,R$14:R$77))} | V30: =IF(Q30>T30,1,0) | W30: =IF(R30>U30,1,0) | X30: =IF(OR(AND(A30<9,S30>3),AND(A30>8,S30<4)),1,0) | Y30: ='Slot calculations'!BD19 | Z30: ='Slot calculations'!BE19 | AA30: ='Slot calculations'!BF19 | AB30: ='Slot calculations'!BG19 | AC30: ='Slot calculations'!BH19 | AD30: ='Slot calculations'!BI19 | AE30: ='Slot calculations'!BJ19 | AF30: ='Slot calculations'!BK19 | ... AJ30: ='Slot calculations'!BO19
A31: 16 | B31: FD/PV | E31: 0 | F31: 0 | G31: 0 | H31: 0 | I31: 0 | J31: 0 | K31: =REPT(CHAR(152),SUM($V31:$X31)+Y31+AE31) | L31: =REPT(CHAR(152),SUM($V31:$X31)+Z31+AF31) | M31: =REPT(CHAR(152),SUM($V31:$X31)+AA31+AG31) | N31: =REPT(CHAR(152),SUM($V31:$X31)+AB31+AH31) | O31: =REPT(CHAR(152),SUM($V31:$X31)+AC31+AI31) | P31: =REPT(CHAR(152),SUM($V31:$X31)+AD31+AJ31) | Q31: =(Q82+Q83)/2 | R31: =(R82+R83)/2 | S31: =(S82+S83)/2 | T31: {=MEDIAN(IF($A$14:$A$77=$A31,Q$14:Q$77))} | U31: {=MEDIAN(IF($A$14:$A$77=$A31,R$14:R$77))} | V31: =IF(Q31>T31,1,0) | W31: =IF(R31>U31,1,0) | X31: =IF(OR(AND(A31<9,S31>3),AND(A31>8,S31<4)),1,0) | Y31: ='Slot calculations'!BD20 | Z31: ='Slot calculations'!BE20 | AA31: ='Slot calculations'!BF20 | AB31: ='Slot calculations'!BG20 | AC31: ='Slot calculations'!BH20 | AD31: ='Slot calculations'!BI20 | AE31: ='Slot calculations'!BJ20 | AF31: ='Slot calculations'!BK20 | ... AJ31: ='Slot calculations'!BO20
A32: 8 | B32: Syracuse | E32: 1 | F32: 0 | G32: 0 | H32: 0 | I32: 0 | J32: 0 | K32: =REPT(CHAR(152),SUM($V32:$X32)+Y32+AE32) | L32: =REPT(CHAR(152),SUM($V32:$X32)+Z32+AF32) | M32: =REPT(CHAR(152),SUM($V32:$X32)+AA32+AG32) | N32: =REPT(CHAR(152),SUM($V32:$X32)+AB32+AH32) | O32: =REPT(CHAR(152),SUM($V32:$X32)+AC32+AI32) | P32: =REPT(CHAR(152),SUM($V32:$X32)+AD32+AJ32) | Q32: =VLOOKUP(B32,Quality!A$2:B$252,2,FALSE) | R32: =VLOOKUP(B32,Size!A$2:B$299,2,FALSE) | S32: =VLOOKUP(B32,Mom!A$2:B$68,2,FALSE) | T32: {=MEDIAN(IF($A$14:$A$77=$A32,Q$14:Q$77))} | U32: {=MEDIAN(IF($A$14:$A$77=$A32,R$14:R$77))} | V32: =IF(Q32>T32,1,0) | W32: =IF(R32>U32,1,0) | X32: =IF(OR(AND(A32<9,S32>3),AND(A32>8,S32<4)),1,0) | Y32: ='Slot calculations'!BD21 | Z32: ='Slot calculations'!BE21 | AA32: ='Slot calculations'!BF21 | AB32: ='Slot calculations'!BG21 | AC32: ='Slot calculations'!BH21 | AD32: ='Slot calculations'!BI21 | AE32: ='Slot calculations'!BJ21 | AF32: ='Slot calculations'!BK21 | ... AJ32: ='Slot calculations'!BO21
A33: 9 | B33: Baylor | E33: 0 | F33: 0 | G33: 0 | H33: 0 | I33: 0 | J33: 0 | K33: =REPT(CHAR(152),SUM($V33:$X33)+Y33+AE33) | L33: =REPT(CHAR(152),SUM($V33:$X33)+Z33+AF33) | M33: =REPT(CHAR(152),SUM($V33:$X33)+AA33+AG33) | N33: =REPT(CHAR(152),SUM($V33:$X33)+AB33+AH33) | O33: =REPT(CHAR(152),SUM($V33:$X33)+AC33+AI33) | P33: =REPT(CHAR(152),SUM($V33:$X33)+AD33+AJ33) | Q33: =VLOOKUP(B33,Quality!A$2:B$252,2,FALSE) | R33: =VLOOKUP(B33,Size!A$2:B$299,2,FALSE) | S33: =VLOOKUP(B33,Mom!A$2:B$68,2,FALSE) | T33: {=MEDIAN(IF($A$14:$A$77=$A33,Q$14:Q$77))} | U33: {=MEDIAN(IF($A$14:$A$77=$A33,R$14:R$77))} | V33: =IF(Q33>T33,1,0) | W33: =IF(R33>U33,1,0) | X33: =IF(OR(AND(A33<9,S33>3),AND(A33>8,S33<4)),1,0) | Y33: ='Slot calculations'!BD22 | Z33: ='Slot calculations'!BE22 | AA33: ='Slot calculations'!BF22 | AB33: ='Slot calculations'!BG22 | AC33: ='Slot calculations'!BH22 | AD33: ='Slot calculations'!BI22 | AE33: ='Slot calculations'!BJ22 | AF33: ='Slot calculations'!BK22 | ... AJ33: ='Slot calculations'!BO22
A34: 5 | B34: Marquette | E34: 1 | F34: 1 | G34: 0 | H34: 0 | I34: 0 | J34: 0 | K34: =REPT(CHAR(152),SUM($V34:$X34)+Y34+AE34) | L34: =REPT(CHAR(152),SUM($V34:$X34)+Z34+AF34) | M34: =REPT(CHAR(152),SUM($V34:$X34)+AA34+AG34) | N34: =REPT(CHAR(152),SUM($V34:$X34)+AB34+AH34) | O34: =REPT(CHAR(152),SUM($V34:$X34)+AC34+AI34) | P34: =REPT(CHAR(152),SUM($V34:$X34)+AD34+AJ34) | Q34: =VLOOKUP(B34,Quality!A$2:B$252,2,FALSE) | R34: =VLOOKUP(B34,Size!A$2:B$299,2,FALSE) | S34: =VLOOKUP(B34,Mom!A$2:B$68,2,FALSE) | T34: {=MEDIAN(IF($A$14:$A$77=$A34,Q$14:Q$77))} | U34: {=MEDIAN(IF($A$14:$A$77=$A34,R$14:R$77))} | V34: =IF(Q34>T34,1,0) | W34: =IF(R34>U34,1,0) | X34: =IF(OR(AND(A34<9,S34>3),AND(A34>8,S34<4)),1,0) | Y34: ='Slot calculations'!BD23 | Z34: ='Slot calculations'!BE23 | AA34: ='Slot calculations'!BF23 | AB34: ='Slot calculations'!BG23 | AC34: ='Slot calculations'!BH23 | AD34: ='Slot calculations'!BI23 | AE34: ='Slot calculations'!BJ23 | AF34: ='Slot calculations'!BK23 | ... AJ34: ='Slot calculations'!BO23
A35: 12 | B35: Murray State | E35: 0 | F35: 0 | G35: 0 | H35: 0 | I35: 0 | J35: 0 | K35: =REPT(CHAR(152),SUM($V35:$X35)+Y35+AE35) | L35: =REPT(CHAR(152),SUM($V35:$X35)+Z35+AF35) | M35: =REPT(CHAR(152),SUM($V35:$X35)+AA35+AG35) | N35: =REPT(CHAR(152),SUM($V35:$X35)+AB35+AH35) | O35: =REPT(CHAR(152),SUM($V35:$X35)+AC35+AI35) | P35: =REPT(CHAR(152),SUM($V35:$X35)+AD35+AJ35) | Q35: =VLOOKUP(B35,Quality!A$2:B$252,2,FALSE) | R35: =VLOOKUP(B35,Size!A$2:B$299,2,FALSE) | S35: =VLOOKUP(B35,Mom!A$2:B$68,2,FALSE) | T35: {=MEDIAN(IF($A$14:$A$77=$A35,Q$14:Q$77))} | U35: {=MEDIAN(IF($A$14:$A$77=$A35,R$14:R$77))} | V35: =IF(Q35>T35,1,0) | W35: =IF(R35>U35,1,0) | X35: =IF(OR(AND(A35<9,S35>3),AND(A35>8,S35<4)),1,0) | Y35: ='Slot calculations'!BD24 | Z35: ='Slot calculations'!BE24 | AA35: ='Slot calculations'!BF24 | AB35: ='Slot calculations'!BG24 | AC35: ='Slot calculations'!BH24 | AD35: ='Slot calculations'!BI24 | AE35: ='Slot calculations'!BJ24 | AF35: ='Slot calculations'!BK24 | ... AJ35: ='Slot calculations'!BO24
A36: 4 | B36: Florida State | E36: 1 | F36: 0 | G36: 0 | H36: 0 | I36: 0 | J36: 0 | K36: =REPT(CHAR(152),SUM($V36:$X36)+Y36+AE36) | L36: =REPT(CHAR(152),SUM($V36:$X36)+Z36+AF36) | M36: =REPT(CHAR(152),SUM($V36:$X36)+AA36+AG36) | N36: =REPT(CHAR(152),SUM($V36:$X36)+AB36+AH36) | O36: =REPT(CHAR(152),SUM($V36:$X36)+AC36+AI36) | P36: =REPT(CHAR(152),SUM($V36:$X36)+AD36+AJ36) | Q36: =VLOOKUP(B36,Quality!A$2:B$252,2,FALSE) | R36: =VLOOKUP(B36,Size!A$2:B$299,2,FALSE) | S36: =VLOOKUP(B36,Mom!A$2:B$68,2,FALSE) | T36: {=MEDIAN(IF($A$14:$A$77=$A36,Q$14:Q$77))} | U36: {=MEDIAN(IF($A$14:$A$77=$A36,R$14:R$77))} | V36: =IF(Q36>T36,1,0) | W36: =IF(R36>U36,1,0) | X36: =IF(OR(AND(A36<9,S36>3),AND(A36>8,S36<4)),1,0) | Y36: ='Slot calculations'!BD25 | Z36: ='Slot calculations'!BE25 | AA36: ='Slot calculations'!BF25 | AB36: ='Slot calculations'!BG25 | AC36: ='Slot calculations'!BH25 | AD36: ='Slot calculations'!BI25 | AE36: ='Slot calculations'!BJ25 | AF36: ='Slot calculations'!BK25 | ... AJ36: ='Slot calculations'!BO25
A37: 13 | B37: Vermont | E37: 0 | F37: 0 | G37: 0 | H37: 0 | I37: 0 | J37: 0 | K37: =REPT(CHAR(152),SUM($V37:$X37)+Y37+AE37) | L37: =REPT(CHAR(152),SUM($V37:$X37)+Z37+AF37) | M37: =REPT(CHAR(152),SUM($V37:$X37)+AA37+AG37) | N37: =REPT(CHAR(152),SUM($V37:$X37)+AB37+AH37) | O37: =REPT(CHAR(152),SUM($V37:$X37)+AC37+AI37) | P37: =REPT(CHAR(152),SUM($V37:$X37)+AD37+AJ37) | Q37: =VLOOKUP(B37,Quality!A$2:B$252,2,FALSE) | R37: =VLOOKUP(B37,Size!A$2:B$299,2,FALSE) | S37: =VLOOKUP(B37,Mom!A$2:B$68,2,FALSE) | T37: {=MEDIAN(IF($A$14:$A$77=$A37,Q$14:Q$77))} | U37: {=MEDIAN(IF($A$14:$A$77=$A37,R$14:R$77))} | V37: =IF(Q37>T37,1,0) | W37: =IF(R37>U37,1,0) | X37: =IF(OR(AND(A37<9,S37>3),AND(A37>8,S37<4)),1,0) | Y37: ='Slot calculations'!BD26 | Z37: ='Slot calculations'!BE26 | AA37: ='Slot calculations'!BF26 | AB37: ='Slot calculations'!BG26 | AC37: ='Slot calculations'!BH26 | AD37: ='Slot calculations'!BI26 | AE37: ='Slot calculations'!BJ26 | AF37: ='Slot calculations'!BK26 | ... AJ37: ='Slot calculations'!BO26
A38: 6 | B38: Buffalo | E38: 1 | F38: 1 | G38: 1 | H38: 0 | I38: 0 | J38: 0 | K38: =REPT(CHAR(152),SUM($V38:$X38)+Y38+AE38) | L38: =REPT(CHAR(152),SUM($V38:$X38)+Z38+AF38) | M38: =REPT(CHAR(152),SUM($V38:$X38)+AA38+AG38) | N38: =REPT(CHAR(152),SUM($V38:$X38)+AB38+AH38) | O38: =REPT(CHAR(152),SUM($V38:$X38)+AC38+AI38) | P38: =REPT(CHAR(152),SUM($V38:$X38)+AD38+AJ38) | Q38: =VLOOKUP(B38,Quality!A$2:B$252,2,FALSE) | R38: =VLOOKUP(B38,Size!A$2:B$299,2,FALSE) | S38: =VLOOKUP(B38,Mom!A$2:B$68,2,FALSE) | T38: {=MEDIAN(IF($A$14:$A$77=$A38,Q$14:Q$77))} | U38: {=MEDIAN(IF($A$14:$A$77=$A38,R$14:R$77))} | V38: =IF(Q38>T38,1,0) | W38: =IF(R38>U38,1,0) | X38: =IF(OR(AND(A38<9,S38>3),AND(A38>8,S38<4)),1,0) | Y38: ='Slot calculations'!BD27 | Z38: ='Slot calculations'!BE27 | AA38: ='Slot calculations'!BF27 | AB38: ='Slot calculations'!BG27 | AC38: ='Slot calculations'!BH27 | AD38: ='Slot calculations'!BI27 | AE38: ='Slot calculations'!BJ27 | AF38: ='Slot calculations'!BK27 | ... AJ38: ='Slot calculations'!BO27
A39: 11 | B39: AS/SJ | E39: 0 | F39: 0 | G39: 0 | H39: 0 | I39: 0 | J39: 0 | K39: =REPT(CHAR(152),SUM($V39:$X39)+Y39+AE39) | L39: =REPT(CHAR(152),SUM($V39:$X39)+Z39+AF39) | M39: =REPT(CHAR(152),SUM($V39:$X39)+AA39+AG39) | N39: =REPT(CHAR(152),SUM($V39:$X39)+AB39+AH39) | O39: =REPT(CHAR(152),SUM($V39:$X39)+AC39+AI39) | P39: =REPT(CHAR(152),SUM($V39:$X39)+AD39+AJ39) | Q39: =(Q84+Q85)/2 | R39: =(R84+R85)/2 | S39: =(S84+S85)/2 | T39: {=MEDIAN(IF($A$14:$A$77=$A39,Q$14:Q$77))} | U39: {=MEDIAN(IF($A$14:$A$77=$A39,R$14:R$77))} | V39: =IF(Q39>T39,1,0) | W39: =IF(R39>U39,1,0) | X39: =IF(OR(AND(A39<9,S39>3),AND(A39>8,S39<4)),1,0) | Y39: ='Slot calculations'!BD28 | Z39: ='Slot calculations'!BE28 | AA39: ='Slot calculations'!BF28 | AB39: ='Slot calculations'!BG28 | AC39: ='Slot calculations'!BH28 | AD39: ='Slot calculations'!BI28 | AE39: ='Slot calculations'!BJ28 | AF39: ='Slot calculations'!BK28 | ... AJ39: ='Slot calculations'!BO28
A40: 3 | B40: Texas Tech | E40: 1 | F40: 0 | G40: 0 | H40: 0 | I40: 0 | J40: 0 | K40: =REPT(CHAR(152),SUM($V40:$X40)+Y40+AE40) | L40: =REPT(CHAR(152),SUM($V40:$X40)+Z40+AF40) | M40: =REPT(CHAR(152),SUM($V40:$X40)+AA40+AG40) | N40: =REPT(CHAR(152),SUM($V40:$X40)+AB40+AH40) | O40: =REPT(CHAR(152),SUM($V40:$X40)+AC40+AI40) | P40: =REPT(CHAR(152),SUM($V40:$X40)+AD40+AJ40) | Q40: =VLOOKUP(B40,Quality!A$2:B$252,2,FALSE) | R40: =VLOOKUP(B40,Size!A$2:B$299,2,FALSE) | S40: =VLOOKUP(B40,Mom!A$2:B$68,2,FALSE) | T40: {=MEDIAN(IF($A$14:$A$77=$A40,Q$14:Q$77))} | U40: {=MEDIAN(IF($A$14:$A$77=$A40,R$14:R$77))} | V40: =IF(Q40>T40,1,0) | W40: =IF(R40>U40,1,0) | X40: =IF(OR(AND(A40<9,S40>3),AND(A40>8,S40<4)),1,0) | Y40: ='Slot calculations'!BD29 | Z40: ='Slot calculations'!BE29 | AA40: ='Slot calculations'!BF29 | AB40: ='Slot calculations'!BG29 | AC40: ='Slot calculations'!BH29 | AD40: ='Slot calculations'!BI29 | AE40: ='Slot calculations'!BJ29 | AF40: ='Slot calculations'!BK29 | ... AJ40: ='Slot calculations'!BO29
A41: 14 | B41: Northern Kentucky | E41: 0 | F41: 0 | G41: 0 | H41: 0 | I41: 0 | J41: 0 | K41: =REPT(CHAR(152),SUM($V41:$X41)+Y41+AE41) | L41: =REPT(CHAR(152),SUM($V41:$X41)+Z41+AF41) | M41: =REPT(CHAR(152),SUM($V41:$X41)+AA41+AG41) | N41: =REPT(CHAR(152),SUM($V41:$X41)+AB41+AH41) | O41: =REPT(CHAR(152),SUM($V41:$X41)+AC41+AI41) | P41: =REPT(CHAR(152),SUM($V41:$X41)+AD41+AJ41) | Q41: =VLOOKUP(B41,Quality!A$2:B$252,2,FALSE) | R41: =VLOOKUP(B41,Size!A$2:B$299,2,FALSE) | S41: =VLOOKUP(B41,Mom!A$2:B$68,2,FALSE) | T41: {=MEDIAN(IF($A$14:$A$77=$A41,Q$14:Q$77))} | U41: {=MEDIAN(IF($A$14:$A$77=$A41,R$14:R$77))} | V41: =IF(Q41>T41,1,0) | W41: =IF(R41>U41,1,0) | X41: =IF(OR(AND(A41<9,S41>3),AND(A41>8,S41<4)),1,0) | Y41: ='Slot calculations'!BD30 | Z41: ='Slot calculations'!BE30 | AA41: ='Slot calculations'!BF30 | AB41: ='Slot calculations'!BG30 | AC41: ='Slot calculations'!BH30 | AD41: ='Slot calculations'!BI30 | AE41: ='Slot calculations'!BJ30 | AF41: ='Slot calculations'!BK30 | ... AJ41: ='Slot calculations'!BO30
A42: 7 | B42: Nevada | E42: 1 | F42: 1 | G42: 0 | H42: 0 | I42: 0 | J42: 0 | K42: =REPT(CHAR(152),SUM($V42:$X42)+Y42+AE42) | L42: =REPT(CHAR(152),SUM($V42:$X42)+Z42+AF42) | M42: =REPT(CHAR(152),SUM($V42:$X42)+AA42+AG42) | N42: =REPT(CHAR(152),SUM($V42:$X42)+AB42+AH42) | O42: =REPT(CHAR(152),SUM($V42:$X42)+AC42+AI42) | P42: =REPT(CHAR(152),SUM($V42:$X42)+AD42+AJ42) | Q42: =VLOOKUP(B42,Quality!A$2:B$252,2,FALSE) | R42: =VLOOKUP(B42,Size!A$2:B$299,2,FALSE) | S42: =VLOOKUP(B42,Mom!A$2:B$68,2,FALSE) | T42: {=MEDIAN(IF($A$14:$A$77=$A42,Q$14:Q$77))} | U42: {=MEDIAN(IF($A$14:$A$77=$A42,R$14:R$77))} | V42: =IF(Q42>T42,1,0) | W42: =IF(R42>U42,1,0) | X42: =IF(OR(AND(A42<9,S42>3),AND(A42>8,S42<4)),1,0) | Y42: ='Slot calculations'!BD31 | Z42: ='Slot calculations'!BE31 | AA42: ='Slot calculations'!BF31 | AB42: ='Slot calculations'!BG31 | AC42: ='Slot calculations'!BH31 | AD42: ='Slot calculations'!BI31 | AE42: ='Slot calculations'!BJ31 | AF42: ='Slot calculations'!BK31 | ... AJ42: ='Slot calculations'!BO31
A43: 10 | B43: Florida | E43: 0 | F43: 0 | G43: 0 | H43: 0 | I43: 0 | J43: 0 | K43: =REPT(CHAR(152),SUM($V43:$X43)+Y43+AE43) | L43: =REPT(CHAR(152),SUM($V43:$X43)+Z43+AF43) | M43: =REPT(CHAR(152),SUM($V43:$X43)+AA43+AG43) | N43: =REPT(CHAR(152),SUM($V43:$X43)+AB43+AH43) | O43: =REPT(CHAR(152),SUM($V43:$X43)+AC43+AI43) | P43: =REPT(CHAR(152),SUM($V43:$X43)+AD43+AJ43) | Q43: =VLOOKUP(B43,Quality!A$2:B$252,2,FALSE) | R43: =VLOOKUP(B43,Size!A$2:B$299,2,FALSE) | S43: =VLOOKUP(B43,Mom!A$2:B$68,2,FALSE) | T43: {=MEDIAN(IF($A$14:$A$77=$A43,Q$14:Q$77))} | U43: {=MEDIAN(IF($A$14:$A$77=$A43,R$14:R$77))} | V43: =IF(Q43>T43,1,0) | W43: =IF(R43>U43,1,0) | X43: =IF(OR(AND(A43<9,S43>3),AND(A43>8,S43<4)),1,0) | Y43: ='Slot calculations'!BD32 | Z43: ='Slot calculations'!BE32 | AA43: ='Slot calculations'!BF32 | AB43: ='Slot calculations'!BG32 | AC43: ='Slot calculations'!BH32 | AD43: ='Slot calculations'!BI32 | AE43: ='Slot calculations'!BJ32 | AF43: ='Slot calculations'!BK32 | ... AJ43: ='Slot calculations'!BO32
A44: 2 | B44: Michigan | E44: 1 | F44: 0 | G44: 0 | H44: 0 | I44: 0 | J44: 0 | K44: =REPT(CHAR(152),SUM($V44:$X44)+Y44+AE44) | L44: =REPT(CHAR(152),SUM($V44:$X44)+Z44+AF44) | M44: =REPT(CHAR(152),SUM($V44:$X44)+AA44+AG44) | N44: =REPT(CHAR(152),SUM($V44:$X44)+AB44+AH44) | O44: =REPT(CHAR(152),SUM($V44:$X44)+AC44+AI44) | P44: =REPT(CHAR(152),SUM($V44:$X44)+AD44+AJ44) | Q44: =VLOOKUP(B44,Quality!A$2:B$252,2,FALSE) | R44: =VLOOKUP(B44,Size!A$2:B$299,2,FALSE) | S44: =VLOOKUP(B44,Mom!A$2:B$68,2,FALSE) | T44: {=MEDIAN(IF($A$14:$A$77=$A44,Q$14:Q$77))} | U44: {=MEDIAN(IF($A$14:$A$77=$A44,R$14:R$77))} | V44: =IF(Q44>T44,1,0) | W44: =IF(R44>U44,1,0) | X44: =IF(OR(AND(A44<9,S44>3),AND(A44>8,S44<4)),1,0) | Y44: ='Slot calculations'!BD33 | Z44: ='Slot calculations'!BE33 | AA44: ='Slot calculations'!BF33 | AB44: ='Slot calculations'!BG33 | AC44: ='Slot calculations'!BH33 | AD44: ='Slot calculations'!BI33 | AE44: ='Slot calculations'!BJ33 | AF44: ='Slot calculations'!BK33 | ... AJ44: ='Slot calculations'!BO33
A45: 15 | B45: Montana | E45: 0 | F45: 0 | G45: 0 | H45: 0 | I45: 0 | J45: 0 | K45: =REPT(CHAR(152),SUM($V45:$X45)+Y45+AE45) | L45: =REPT(CHAR(152),SUM($V45:$X45)+Z45+AF45) | M45: =REPT(CHAR(152),SUM($V45:$X45)+AA45+AG45) | N45: =REPT(CHAR(152),SUM($V45:$X45)+AB45+AH45) | O45: =REPT(CHAR(152),SUM($V45:$X45)+AC45+AI45) | P45: =REPT(CHAR(152),SUM($V45:$X45)+AD45+AJ45) | Q45: =VLOOKUP(B45,Quality!A$2:B$252,2,FALSE) | R45: =VLOOKUP(B45,Size!A$2:B$299,2,FALSE) | S45: =VLOOKUP(B45,Mom!A$2:B$68,2,FALSE) | T45: {=MEDIAN(IF($A$14:$A$77=$A45,Q$14:Q$77))} | U45: {=MEDIAN(IF($A$14:$A$77=$A45,R$14:R$77))} | V45: =IF(Q45>T45,1,0) | W45: =IF(R45>U45,1,0) | X45: =IF(OR(AND(A45<9,S45>3),AND(A45>8,S45<4)),1,0) | Y45: ='Slot calculations'!BD34 | Z45: ='Slot calculations'!BE34 | AA45: ='Slot calculations'!BF34 | AB45: ='Slot calculations'!BG34 | AC45: ='Slot calculations'!BH34 | AD45: ='Slot calculations'!BI34 | AE45: ='Slot calculations'!BJ34 | AF45: ='Slot calculations'!BK34 | ... AJ45: ='Slot calculations'!BO34
A46: 1 | B46: Virginia | E46: 1 | F46: 1 | G46: 1 | H46: 1 | I46: 1 | J46: 0 | K46: =REPT(CHAR(152),SUM($V46:$X46)+Y46+AE46) | L46: =REPT(CHAR(152),SUM($V46:$X46)+Z46+AF46) | M46: =REPT(CHAR(152),SUM($V46:$X46)+AA46+AG46) | N46: =REPT(CHAR(152),SUM($V46:$X46)+AB46+AH46) | O46: =REPT(CHAR(152),SUM($V46:$X46)+AC46+AI46) | P46: =REPT(CHAR(152),SUM($V46:$X46)+AD46+AJ46) | Q46: =VLOOKUP(B46,Quality!A$2:B$252,2,FALSE) | R46: =VLOOKUP(B46,Size!A$2:B$299,2,FALSE) | S46: =VLOOKUP(B46,Mom!A$2:B$68,2,FALSE) | T46: {=MEDIAN(IF($A$14:$A$77=$A46,Q$14:Q$77))} | U46: {=MEDIAN(IF($A$14:$A$77=$A46,R$14:R$77))} | V46: =IF(Q46>T46,1,0) | W46: =IF(R46>U46,1,0) | X46: =IF(OR(AND(A46<9,S46>3),AND(A46>8,S46<4)),1,0) | Y46: ='Slot calculations'!BD35 | Z46: ='Slot calculations'!BE35 | AA46: ='Slot calculations'!BF35 | AB46: ='Slot calculations'!BG35 | AC46: ='Slot calculations'!BH35 | AD46: ='Slot calculations'!BI35 | AE46: ='Slot calculations'!BJ35 | AF46: ='Slot calculations'!BK35 | ... AJ46: ='Slot calculations'!BO35
A47: 16 | B47: Gardner-Webb | E47: 0 | F47: 0 | G47: 0 | H47: 0 | I47: 0 | J47: 0 | K47: =REPT(CHAR(152),SUM($V47:$X47)+Y47+AE47) | L47: =REPT(CHAR(152),SUM($V47:$X47)+Z47+AF47) | M47: =REPT(CHAR(152),SUM($V47:$X47)+AA47+AG47) | N47: =REPT(CHAR(152),SUM($V47:$X47)+AB47+AH47) | O47: =REPT(CHAR(152),SUM($V47:$X47)+AC47+AI47) | P47: =REPT(CHAR(152),SUM($V47:$X47)+AD47+AJ47) | Q47: =VLOOKUP(B47,Quality!A$2:B$252,2,FALSE) | R47: 0 | S47: =VLOOKUP(B47,Mom!A$2:B$68,2,FALSE) | T47: {=MEDIAN(IF($A$14:$A$77=$A47,Q$14:Q$77))} | U47: {=MEDIAN(IF($A$14:$A$77=$A47,R$14:R$77))} | V47: =IF(Q47>T47,1,0) | W47: =IF(R47>U47,1,0) | X47: =IF(OR(AND(A47<9,S47>3),AND(A47>8,S47<4)),1,0) | Y47: ='Slot calculations'!BD36 | Z47: ='Slot calculations'!BE36 | AA47: ='Slot calculations'!BF36 | AB47: ='Slot calculations'!BG36 | AC47: ='Slot calculations'!BH36 | AD47: ='Slot calculations'!BI36 | AE47: ='Slot calculations'!BJ36 | AF47: ='Slot calculations'!BK36 | ... AJ47: ='Slot calculations'!BO36
A48: 8 | B48: Mississippi State | E48: 1 | F48: 0 | G48: 0 | H48: 0 | I48: 0 | J48: 0 | K48: =REPT(CHAR(152),SUM($V48:$X48)+Y48+AE48) | L48: =REPT(CHAR(152),SUM($V48:$X48)+Z48+AF48) | M48: =REPT(CHAR(152),SUM($V48:$X48)+AA48+AG48) | N48: =REPT(CHAR(152),SUM($V48:$X48)+AB48+AH48) | O48: =REPT(CHAR(152),SUM($V48:$X48)+AC48+AI48) | P48: =REPT(CHAR(152),SUM($V48:$X48)+AD48+AJ48) | Q48: =VLOOKUP(B48,Quality!A$2:B$252,2,FALSE) | R48: =VLOOKUP(B48,Size!A$2:B$299,2,FALSE) | S48: =VLOOKUP(B48,Mom!A$2:B$68,2,FALSE) | T48: {=MEDIAN(IF($A$14:$A$77=$A48,Q$14:Q$77))} | U48: {=MEDIAN(IF($A$14:$A$77=$A48,R$14:R$77))} | V48: =IF(Q48>T48,1,0) | W48: =IF(R48>U48,1,0) | X48: =IF(OR(AND(A48<9,S48>3),AND(A48>8,S48<4)),1,0) | Y48: ='Slot calculations'!BD37 | Z48: ='Slot calculations'!BE37 | AA48: ='Slot calculations'!BF37 | AB48: ='Slot calculations'!BG37 | AC48: ='Slot calculations'!BH37 | AD48: ='Slot calculations'!BI37 | AE48: ='Slot calculations'!BJ37 | AF48: ='Slot calculations'!BK37 | ... AJ48: ='Slot calculations'!BO37
A49: 9 | B49: Oklahoma | E49: 0 | F49: 0 | G49: 0 | H49: 0 | I49: 0 | J49: 0 | K49: =REPT(CHAR(152),SUM($V49:$X49)+Y49+AE49) | L49: =REPT(CHAR(152),SUM($V49:$X49)+Z49+AF49) | M49: =REPT(CHAR(152),SUM($V49:$X49)+AA49+AG49) | N49: =REPT(CHAR(152),SUM($V49:$X49)+AB49+AH49) | O49: =REPT(CHAR(152),SUM($V49:$X49)+AC49+AI49) | P49: =REPT(CHAR(152),SUM($V49:$X49)+AD49+AJ49) | Q49: =VLOOKUP(B49,Quality!A$2:B$252,2,FALSE) | R49: =VLOOKUP(B49,Size!A$2:B$299,2,FALSE) | S49: =VLOOKUP(B49,Mom!A$2:B$68,2,FALSE) | T49: {=MEDIAN(IF($A$14:$A$77=$A49,Q$14:Q$77))} | U49: {=MEDIAN(IF($A$14:$A$77=$A49,R$14:R$77))} | V49: =IF(Q49>T49,1,0) | W49: =IF(R49>U49,1,0) | X49: =IF(OR(AND(A49<9,S49>3),AND(A49>8,S49<4)),1,0) | Y49: ='Slot calculations'!BD38 | Z49: ='Slot calculations'!BE38 | AA49: ='Slot calculations'!BF38 | AB49: ='Slot calculations'!BG38 | AC49: ='Slot calculations'!BH38 | AD49: ='Slot calculations'!BI38 | AE49: ='Slot calculations'!BJ38 | AF49: ='Slot calculations'!BK38 | ... AJ49: ='Slot calculations'!BO38
A50: 5 | B50: Wisconsin | E50: 1 | F50: 1 | G50: 0 | H50: 0 | I50: 0 | J50: 0 | K50: =REPT(CHAR(152),SUM($V50:$X50)+Y50+AE50) | L50: =REPT(CHAR(152),SUM($V50:$X50)+Z50+AF50) | M50: =REPT(CHAR(152),SUM($V50:$X50)+AA50+AG50) | N50: =REPT(CHAR(152),SUM($V50:$X50)+AB50+AH50) | O50: =REPT(CHAR(152),SUM($V50:$X50)+AC50+AI50) | P50: =REPT(CHAR(152),SUM($V50:$X50)+AD50+AJ50) | Q50: =VLOOKUP(B50,Quality!A$2:B$252,2,FALSE) | R50: =VLOOKUP(B50,Size!A$2:B$299,2,FALSE) | S50: =VLOOKUP(B50,Mom!A$2:B$68,2,FALSE) | T50: {=MEDIAN(IF($A$14:$A$77=$A50,Q$14:Q$77))} | U50: {=MEDIAN(IF($A$14:$A$77=$A50,R$14:R$77))} | V50: =IF(Q50>T50,1,0) | W50: =IF(R50>U50,1,0) | X50: =IF(OR(AND(A50<9,S50>3),AND(A50>8,S50<4)),1,0) | Y50: ='Slot calculations'!BD39 | Z50: ='Slot calculations'!BE39 | AA50: ='Slot calculations'!BF39 | AB50: ='Slot calculations'!BG39 | AC50: ='Slot calculations'!BH39 | AD50: ='Slot calculations'!BI39 | AE50: ='Slot calculations'!BJ39 | AF50: ='Slot calculations'!BK39 | ... AJ50: ='Slot calculations'!BO39
A51: 12 | B51: Oregon | E51: 0 | F51: 0 | G51: 0 | H51: 0 | I51: 0 | J51: 0 | K51: =REPT(CHAR(152),SUM($V51:$X51)+Y51+AE51) | L51: =REPT(CHAR(152),SUM($V51:$X51)+Z51+AF51) | M51: =REPT(CHAR(152),SUM($V51:$X51)+AA51+AG51) | N51: =REPT(CHAR(152),SUM($V51:$X51)+AB51+AH51) | O51: =REPT(CHAR(152),SUM($V51:$X51)+AC51+AI51) | P51: =REPT(CHAR(152),SUM($V51:$X51)+AD51+AJ51) | Q51: =VLOOKUP(B51,Quality!A$2:B$252,2,FALSE) | R51: =VLOOKUP(B51,Size!A$2:B$299,2,FALSE) | S51: =VLOOKUP(B51,Mom!A$2:B$68,2,FALSE) | T51: {=MEDIAN(IF($A$14:$A$77=$A51,Q$14:Q$77))} | U51: {=MEDIAN(IF($A$14:$A$77=$A51,R$14:R$77))} | V51: =IF(Q51>T51,1,0) | W51: =IF(R51>U51,1,0) | X51: =IF(OR(AND(A51<9,S51>3),AND(A51>8,S51<4)),1,0) | Y51: ='Slot calculations'!BD40 | Z51: ='Slot calculations'!BE40 | AA51: ='Slot calculations'!BF40 | AB51: ='Slot calculations'!BG40 | AC51: ='Slot calculations'!BH40 | AD51: ='Slot calculations'!BI40 | AE51: ='Slot calculations'!BJ40 | AF51: ='Slot calculations'!BK40 | ... AJ51: ='Slot calculations'!BO40
A52: 4 | B52: Kansas State | E52: 1 | F52: 0 | G52: 0 | H52: 0 | I52: 0 | J52: 0 | K52: =REPT(CHAR(152),SUM($V52:$X52)+Y52+AE52) | L52: =REPT(CHAR(152),SUM($V52:$X52)+Z52+AF52) | M52: =REPT(CHAR(152),SUM($V52:$X52)+AA52+AG52) | N52: =REPT(CHAR(152),SUM($V52:$X52)+AB52+AH52) | O52: =REPT(CHAR(152),SUM($V52:$X52)+AC52+AI52) | P52: =REPT(CHAR(152),SUM($V52:$X52)+AD52+AJ52) | Q52: =VLOOKUP(B52,Quality!A$2:B$252,2,FALSE) | R52: =VLOOKUP(B52,Size!A$2:B$299,2,FALSE) | S52: =VLOOKUP(B52,Mom!A$2:B$68,2,FALSE) | T52: {=MEDIAN(IF($A$14:$A$77=$A52,Q$14:Q$77))} | U52: {=MEDIAN(IF($A$14:$A$77=$A52,R$14:R$77))} | V52: =IF(Q52>T52,1,0) | W52: =IF(R52>U52,1,0) | X52: =IF(OR(AND(A52<9,S52>3),AND(A52>8,S52<4)),1,0) | Y52: ='Slot calculations'!BD41 | Z52: ='Slot calculations'!BE41 | AA52: ='Slot calculations'!BF41 | AB52: ='Slot calculations'!BG41 | AC52: ='Slot calculations'!BH41 | AD52: ='Slot calculations'!BI41 | AE52: ='Slot calculations'!BJ41 | AF52: ='Slot calculations'!BK41 | ... AJ52: ='Slot calculations'!BO41
A53: 13 | B53: UC Irvine | E53: 0 | F53: 0 | G53: 0 | H53: 0 | I53: 0 | J53: 0 | K53: =REPT(CHAR(152),SUM($V53:$X53)+Y53+AE53) | L53: =REPT(CHAR(152),SUM($V53:$X53)+Z53+AF53) | M53: =REPT(CHAR(152),SUM($V53:$X53)+AA53+AG53) | N53: =REPT(CHAR(152),SUM($V53:$X53)+AB53+AH53) | O53: =REPT(CHAR(152),SUM($V53:$X53)+AC53+AI53) | P53: =REPT(CHAR(152),SUM($V53:$X53)+AD53+AJ53) | Q53: =VLOOKUP(B53,Quality!A$2:B$252,2,FALSE) | R53: =VLOOKUP(B53,Size!A$2:B$299,2,FALSE) | S53: =VLOOKUP(B53,Mom!A$2:B$68,2,FALSE) | T53: {=MEDIAN(IF($A$14:$A$77=$A53,Q$14:Q$77))} | U53: {=MEDIAN(IF($A$14:$A$77=$A53,R$14:R$77))} | V53: =IF(Q53>T53,1,0) | W53: =IF(R53>U53,1,0) | X53: =IF(OR(AND(A53<9,S53>3),AND(A53>8,S53<4)),1,0) | Y53: ='Slot calculations'!BD42 | Z53: ='Slot calculations'!BE42 | AA53: ='Slot calculations'!BF42 | AB53: ='Slot calculations'!BG42 | AC53: ='Slot calculations'!BH42 | AD53: ='Slot calculations'!BI42 | AE53: ='Slot calculations'!BJ42 | AF53: ='Slot calculations'!BK42 | ... AJ53: ='Slot calculations'!BO42
A54: 6 | B54: Villanova | E54: 1 | F54: 1 | G54: 1 | H54: 0 | I54: 0 | J54: 0 | K54: =REPT(CHAR(152),SUM($V54:$X54)+Y54+AE54) | L54: =REPT(CHAR(152),SUM($V54:$X54)+Z54+AF54) | M54: =REPT(CHAR(152),SUM($V54:$X54)+AA54+AG54) | N54: =REPT(CHAR(152),SUM($V54:$X54)+AB54+AH54) | O54: =REPT(CHAR(152),SUM($V54:$X54)+AC54+AI54) | P54: =REPT(CHAR(152),SUM($V54:$X54)+AD54+AJ54) | Q54: =VLOOKUP(B54,Quality!A$2:B$252,2,FALSE) | R54: =VLOOKUP(B54,Size!A$2:B$299,2,FALSE) | S54: =VLOOKUP(B54,Mom!A$2:B$68,2,FALSE) | T54: {=MEDIAN(IF($A$14:$A$77=$A54,Q$14:Q$77))} | U54: {=MEDIAN(IF($A$14:$A$77=$A54,R$14:R$77))} | V54: =IF(Q54>T54,1,0) | W54: =IF(R54>U54,1,0) | X54: =IF(OR(AND(A54<9,S54>3),AND(A54>8,S54<4)),1,0) | Y54: ='Slot calculations'!BD43 | Z54: ='Slot calculations'!BE43 | AA54: ='Slot calculations'!BF43 | AB54: ='Slot calculations'!BG43 | AC54: ='Slot calculations'!BH43 | AD54: ='Slot calculations'!BI43 | AE54: ='Slot calculations'!BJ43 | AF54: ='Slot calculations'!BK43 | ... AJ54: ='Slot calculations'!BO43
A55: 11 | B55: Saint Mary's | E55: 0 | F55: 0 | G55: 0 | H55: 0 | I55: 0 | J55: 0 | K55: =REPT(CHAR(152),SUM($V55:$X55)+Y55+AE55) | L55: =REPT(CHAR(152),SUM($V55:$X55)+Z55+AF55) | M55: =REPT(CHAR(152),SUM($V55:$X55)+AA55+AG55) | N55: =REPT(CHAR(152),SUM($V55:$X55)+AB55+AH55) | O55: =REPT(CHAR(152),SUM($V55:$X55)+AC55+AI55) | P55: =REPT(CHAR(152),SUM($V55:$X55)+AD55+AJ55) | Q55: =VLOOKUP(B55,Quality!A$2:B$252,2,FALSE) | R55: =VLOOKUP(B55,Size!A$2:B$299,2,FALSE) | S55: =VLOOKUP(B55,Mom!A$2:B$68,2,FALSE) | T55: {=MEDIAN(IF($A$14:$A$77=$A55,Q$14:Q$77))} | U55: {=MEDIAN(IF($A$14:$A$77=$A55,R$14:R$77))} | V55: =IF(Q55>T55,1,0) | W55: =IF(R55>U55,1,0) | X55: =IF(OR(AND(A55<9,S55>3),AND(A55>8,S55<4)),1,0) | Y55: ='Slot calculations'!BD44 | Z55: ='Slot calculations'!BE44 | AA55: ='Slot calculations'!BF44 | AB55: ='Slot calculations'!BG44 | AC55: ='Slot calculations'!BH44 | AD55: ='Slot calculations'!BI44 | AE55: ='Slot calculations'!BJ44 | AF55: ='Slot calculations'!BK44 | ... AJ55: ='Slot calculations'!BO44
A56: 3 | B56: Purdue | E56: 1 | F56: 0 | G56: 0 | H56: 0 | I56: 0 | J56: 0 | K56: =REPT(CHAR(152),SUM($V56:$X56)+Y56+AE56) | L56: =REPT(CHAR(152),SUM($V56:$X56)+Z56+AF56) | M56: =REPT(CHAR(152),SUM($V56:$X56)+AA56+AG56) | N56: =REPT(CHAR(152),SUM($V56:$X56)+AB56+AH56) | O56: =REPT(CHAR(152),SUM($V56:$X56)+AC56+AI56) | P56: =REPT(CHAR(152),SUM($V56:$X56)+AD56+AJ56) | Q56: =VLOOKUP(B56,Quality!A$2:B$252,2,FALSE) | R56: =VLOOKUP(B56,Size!A$2:B$299,2,FALSE) | S56: =VLOOKUP(B56,Mom!A$2:B$68,2,FALSE) | T56: {=MEDIAN(IF($A$14:$A$77=$A56,Q$14:Q$77))} | U56: {=MEDIAN(IF($A$14:$A$77=$A56,R$14:R$77))} | V56: =IF(Q56>T56,1,0) | W56: =IF(R56>U56,1,0) | X56: =IF(OR(AND(A56<9,S56>3),AND(A56>8,S56<4)),1,0) | Y56: ='Slot calculations'!BD45 | Z56: ='Slot calculations'!BE45 | AA56: ='Slot calculations'!BF45 | AB56: ='Slot calculations'!BG45 | AC56: ='Slot calculations'!BH45 | AD56: ='Slot calculations'!BI45 | AE56: ='Slot calculations'!BJ45 | AF56: ='Slot calculations'!BK45 | ... AJ56: ='Slot calculations'!BO45
A57: 14 | B57: Old Dominion | E57: 0 | F57: 0 | G57: 0 | H57: 0 | I57: 0 | J57: 0 | K57: =REPT(CHAR(152),SUM($V57:$X57)+Y57+AE57) | L57: =REPT(CHAR(152),SUM($V57:$X57)+Z57+AF57) | M57: =REPT(CHAR(152),SUM($V57:$X57)+AA57+AG57) | N57: =REPT(CHAR(152),SUM($V57:$X57)+AB57+AH57) | O57: =REPT(CHAR(152),SUM($V57:$X57)+AC57+AI57) | P57: =REPT(CHAR(152),SUM($V57:$X57)+AD57+AJ57) | Q57: =VLOOKUP(B57,Quality!A$2:B$252,2,FALSE) | R57: =VLOOKUP(B57,Size!A$2:B$299,2,FALSE) | S57: =VLOOKUP(B57,Mom!A$2:B$68,2,FALSE) | T57: {=MEDIAN(IF($A$14:$A$77=$A57,Q$14:Q$77))} | U57: {=MEDIAN(IF($A$14:$A$77=$A57,R$14:R$77))} | V57: =IF(Q57>T57,1,0) | W57: =IF(R57>U57,1,0) | X57: =IF(OR(AND(A57<9,S57>3),AND(A57>8,S57<4)),1,0) | Y57: ='Slot calculations'!BD46 | Z57: ='Slot calculations'!BE46 | AA57: ='Slot calculations'!BF46 | AB57: ='Slot calculations'!BG46 | AC57: ='Slot calculations'!BH46 | AD57: ='Slot calculations'!BI46 | AE57: ='Slot calculations'!BJ46 | AF57: ='Slot calculations'!BK46 | ... AJ57: ='Slot calculations'!BO46
A58: 7 | B58: Cincinnati | E58: 1 | F58: 1 | G58: 0 | H58: 0 | I58: 0 | J58: 0 | K58: =REPT(CHAR(152),SUM($V58:$X58)+Y58+AE58) | L58: =REPT(CHAR(152),SUM($V58:$X58)+Z58+AF58) | M58: =REPT(CHAR(152),SUM($V58:$X58)+AA58+AG58) | N58: =REPT(CHAR(152),SUM($V58:$X58)+AB58+AH58) | O58: =REPT(CHAR(152),SUM($V58:$X58)+AC58+AI58) | P58: =REPT(CHAR(152),SUM($V58:$X58)+AD58+AJ58) | Q58: =VLOOKUP(B58,Quality!A$2:B$252,2,FALSE) | R58: =VLOOKUP(B58,Size!A$2:B$299,2,FALSE) | S58: =VLOOKUP(B58,Mom!A$2:B$68,2,FALSE) | T58: {=MEDIAN(IF($A$14:$A$77=$A58,Q$14:Q$77))} | U58: {=MEDIAN(IF($A$14:$A$77=$A58,R$14:R$77))} | V58: =IF(Q58>T58,1,0) | W58: =IF(R58>U58,1,0) | X58: =IF(OR(AND(A58<9,S58>3),AND(A58>8,S58<4)),1,0) | Y58: ='Slot calculations'!BD47 | Z58: ='Slot calculations'!BE47 | AA58: ='Slot calculations'!BF47 | AB58: ='Slot calculations'!BG47 | AC58: ='Slot calculations'!BH47 | AD58: ='Slot calculations'!BI47 | AE58: ='Slot calculations'!BJ47 | AF58: ='Slot calculations'!BK47 | ... AJ58: ='Slot calculations'!BO47
A59: 10 | B59: Iowa | E59: 0 | F59: 0 | G59: 0 | H59: 0 | I59: 0 | J59: 0 | K59: =REPT(CHAR(152),SUM($V59:$X59)+Y59+AE59) | L59: =REPT(CHAR(152),SUM($V59:$X59)+Z59+AF59) | M59: =REPT(CHAR(152),SUM($V59:$X59)+AA59+AG59) | N59: =REPT(CHAR(152),SUM($V59:$X59)+AB59+AH59) | O59: =REPT(CHAR(152),SUM($V59:$X59)+AC59+AI59) | P59: =REPT(CHAR(152),SUM($V59:$X59)+AD59+AJ59) | Q59: =VLOOKUP(B59,Quality!A$2:B$252,2,FALSE) | R59: =VLOOKUP(B59,Size!A$2:B$299,2,FALSE) | S59: =VLOOKUP(B59,Mom!A$2:B$68,2,FALSE) | T59: {=MEDIAN(IF($A$14:$A$77=$A59,Q$14:Q$77))} | U59: {=MEDIAN(IF($A$14:$A$77=$A59,R$14:R$77))} | V59: =IF(Q59>T59,1,0) | W59: =IF(R59>U59,1,0) | X59: =IF(OR(AND(A59<9,S59>3),AND(A59>8,S59<4)),1,0) | Y59: ='Slot calculations'!BD48 | Z59: ='Slot calculations'!BE48 | AA59: ='Slot calculations'!BF48 | AB59: ='Slot calculations'!BG48 | AC59: ='Slot calculations'!BH48 | AD59: ='Slot calculations'!BI48 | AE59: ='Slot calculations'!BJ48 | AF59: ='Slot calculations'!BK48 | ... AJ59: ='Slot calculations'!BO48
... A76: 2 | B76: Kentucky | E76: 1 | F76: 0 | G76: 0 | H76: 0 | I76: 0 | J76: 0 | K76: =REPT(CHAR(152),SUM($V76:$X76)+Y76+AE76) | L76: =REPT(CHAR(152),SUM($V76:$X76)+Z76+AF76) | M76: =REPT(CHAR(152),SUM($V76:$X76)+AA76+AG76) | N76: =REPT(CHAR(152),SUM($V76:$X76)+AB76+AH76) | O76: =REPT(CHAR(152),SUM($V76:$X76)+AC76+AI76) | P76: =REPT(CHAR(152),SUM($V76:$X76)+AD76+AJ76) | Q76: =VLOOKUP(B76,Quality!A$2:B$252,2,FALSE) | R76: =VLOOKUP(B76,Size!A$2:B$299,2,FALSE) | S76: =VLOOKUP(B76,Mom!A$2:B$68,2,FALSE) | T76: {=MEDIAN(IF($A$14:$A$77=$A76,Q$14:Q$77))} | U76: {=MEDIAN(IF($A$14:$A$77=$A76,R$14:R$77))} | V76: =IF(Q76>T76,1,0) | W76: =IF(R76>U76,1,0) | X76: =IF(OR(AND(A76<9,S76>3),AND(A76>8,S76<4)),1,0) | Y76: ='Slot calculations'!BD65 | Z76: ='Slot calculations'!BE65 | AA76: ='Slot calculations'!BF65 | AB76: ='Slot calculations'!BG65 | AC76: ='Slot calculations'!BH65 | AD76: ='Slot calculations'!BI65 | AE76: ='Slot calculations'!BJ65 | AF76: ='Slot calculations'!BK65 | ... AJ76: ='Slot calculations'!BO65
A77: 15 | B77: Abilene Christian | E77: 0 | F77: 0 | G77: 0 | H77: 0 | I77: 0 | J77: 0 | K77: =REPT(CHAR(152),SUM($V77:$X77)+Y77+AE77) | L77: =REPT(CHAR(152),SUM($V77:$X77)+Z77+AF77) | M77: =REPT(CHAR(152),SUM($V77:$X77)+AA77+AG77) | N77: =REPT(CHAR(152),SUM($V77:$X77)+AB77+AH77) | O77: =REPT(CHAR(152),SUM($V77:$X77)+AC77+AI77) | P77: =REPT(CHAR(152),SUM($V77:$X77)+AD77+AJ77) | Q77: =VLOOKUP(B77,Quality!A$2:B$252,2,FALSE) | R77: 0 | S77: =VLOOKUP(B77,Mom!A$2:B$68,2,FALSE) | T77: {=MEDIAN(IF($A$14:$A$77=$A77,Q$14:Q$77))} | U77: {=MEDIAN(IF($A$14:$A$77=$A77,R$14:R$77))} | V77: =IF(Q77>T77,1,0) | W77: =IF(R77>U77,1,0) | X77: =IF(OR(AND(A77<9,S77>3),AND(A77>8,S77<4)),1,0) | Y77: ='Slot calculations'!BD66 | Z77: ='Slot calculations'!BE66 | AA77: ='Slot calculations'!BF66 | AB77: ='Slot calculations'!BG66 | AC77: ='Slot calculations'!BH66 | AD77: ='Slot calculations'!BI66 | AE77: ='Slot calculations'!BJ66 | AF77: ='Slot calculations'!BK66 | ... AJ77: ='Slot calculations'!BO66
B78: North Dakota State | Q78: =VLOOKUP(B78,Quality!A$2:B$252,2,FALSE) | R78: =VLOOKUP(B78,Size!A$2:B$299,2,FALSE) | S78: =VLOOKUP(B78,Mom!A$2:B$68,2,FALSE)
B79: North Carolina Central | Q79: =VLOOKUP(B79,Quality!A$2:B$252,2,FALSE) | R79: =VLOOKUP(B79,Size!A$2:B$299,2,FALSE) | S79: =VLOOKUP(B79,Mom!A$2:B$68,2,FALSE)
B80: Belmont | Q80: =VLOOKUP(B80,Quality!A$2:B$252,2,FALSE) | R80: =VLOOKUP(B80,Size!A$2:B$299,2,FALSE) | S80: =VLOOKUP(B80,Mom!A$2:B$68,2,FALSE)
B81: Temple | Q81: =VLOOKUP(B81,Quality!A$2:B$252,2,FALSE) | R81: =VLOOKUP(B81,Size!A$2:B$299,2,FALSE) | S81: =VLOOKUP(B81,Mom!A$2:B$68,2,FALSE)
B82: Fairleigh Dickinson | Q82: =VLOOKUP(B82,Quality!A$2:B$252,2,FALSE) | R82: =VLOOKUP(B82,Size!A$2:B$299,2,FALSE) | S82: =VLOOKUP(B82,Mom!A$2:B$68,2,FALSE)
B83: Prairie View A&M | Q83: =VLOOKUP(B83,Quality!A$2:B$252,2,FALSE) | R83: =VLOOKUP(B83,Size!A$2:B$299,2,FALSE) | S83: =VLOOKUP(B83,Mom!A$2:B$68,2,FALSE)
B84: Arizona State | Q84: =VLOOKUP(B84,Quality!A$2:B$252,2,FALSE) | R84: =VLOOKUP(B84,Size!A$2:B$299,2,FALSE) | S84: =VLOOKUP(B84,Mom!A$2:B$68,2,FALSE)
B85: St. John's | Q85: =VLOOKUP(B85,Quality!A$2:B$252,2,FALSE) | R85: =VLOOKUP(B85,Size!A$2:B$299,2,FALSE) | S85: =VLOOKUP(B85,Mom!A$2:B$68,2,FALSE)

Sheet Size
A1: Team | B1: Prior NCAA tournament success
A2: Air Force | B2: 0.11269994
A3: Akron | B3: 0.67240521
A4: Alabama | B4: 5.831166
A5: Alabama St | B5: 0.066498463
A6: Albany | B6: 1.4038988
A7: Alcorn St | B7: 0.014411519
A8: American | B8: 0.65119191
A9: Appalachian St | B9: 0.018014399
A10: Arizona | B10: 45.954457
A11: Arizona State | B11: 1.1559094
A12: Arkansas | B12: 8.4020949
A13: Arkansas Little Rock | B13: 2.5666508
... A299: Yale | B299: 2.56

Sheet Mom
A1: Team | B1: Wins in last five regular season games
A2: Abilene Christian | B2: 5
A3: Arizona State | B3: 3
A4: Auburn | B4: 5
A5: Baylor | B5: 1
A6: Belmont | B6: 4
A7: Bradley | B7: 4
A8: Buffalo | B8: 5
A9: Cincinnati | B9: 3
A10: Colgate | B10: 5
A11: Duke | B11: 4
A12: Fairleigh Dickinson | B12: 5
A13: Florida | B13: 2
... A76: Arizona State | B76: 3

Sheet Quality
A1: TEAM | B1: BPI
A2: Abilene Christian | B2: 1.7
A3: Akron | B3: 3.1
A4: Alabama | B4: 7.2
A5: American | B5: -1.2
A6: Appalachian State | B6: -1.8
A7: Arizona | B7: 4.6
A8: Arizona State | B8: 7.4
A9: Arkansas | B9: 7
A10: Army | B10: -3.2
A11: Auburn | B11: 15
A12: Austin Peay | B12: 4
A13: Ball State | B13: 2.9
... A252: Yale | B252: 6.1

Sheet Brackets - prob
A1: Team | B1: R64 | C1: R32 | D1: S16 | E1: E8 | F1: F4 | G1: C6
A2: Duke | B2: 0.99 | C2: 0.9 | D2: 0.72 | E2: 0.53 | F2: 0.32 | G2: 0.184
A3: N Dakota St./NC Central | B3: 0.01 | C3: 0.01 | D3: 0.003 | E3: 0.0002 | F3: 0.00066666667 | G3: 0.0001
A4: VCU | B4: 0.53 | C4: 0.05 | D4: 0.02 | E4: 0.008 | F4: 0.002 | G4: 0.0001
A5: UCF | B5: 0.47 | C5: 0.04 | D5: 0.01 | E5: 0.004 | F5: 0.001 | G5: 0.0001
A6: Mississippi State | B6: 0.82 | C6: 0.38 | D6: 0.08 | E6: 0.03 | F6: 0.01 | G6: 0.005
A7: Liberty | B7: 0.18 | C7: 0.04 | D7: 0.004 | E7: 0.0002 | F7: 0.00066666667 | G7: 0.0001
A8: Virginia Tech | B8: 0.87 | C8: 0.55 | D8: 0.16 | E8: 0.09 | F8: 0.04 | G8: 0.02
A9: Saint Louis | B9: 0.13 | C9: 0.03 | D9: 0.003 | E9: 0.0002 | F9: 0.00066666667 | G9: 0.0001
A10: Maryland | B10: 0.64 | C10: 0.32 | D10: 0.13 | E10: 0.04 | F10: 0.01 | G10: 0.004
A11: Belmont/Temple | B11: 0.36 | C11: 0.14 | D11: 0.015 | E11: 0.003 | F11: 0.001 | G11: 0.0001
A12: LSU | B12: 0.85 | C12: 0.5 | D12: 0.16 | E12: 0.04 | F12: 0.01 | G12: 0.005
A13: Yale | B13: 0.15 | C13: 0.04 | D13: 0.006 | E13: 0.0002 | F13: 0.00066666667 | G13: 0.0001
... A65: Abilene Christian | B65: 0.03 | C65: 0.004 | D65: 0.001 | E65: 0.0046666667 | F65: 0.00066666667 | G65: 0.0001

Sheet Brackets - freq
A1: Team | B1: R64 | C1: R32 | D1: S16 | E1: E8 | F1: F4 | G1: C6
A2: Duke | B2: 0.976 | C2: 0.945 | D2: 0.88 | E2: 0.731 | F2: 0.592 | G2: 0.424
A3: N Dakota St./NC Central | B3: 0.024 | C3: 0.012 | D3: 0.008 | E3: 0.006 | F3: 0.003 | G3: 0.001
A4: VCU | B4: 0.467 | C4: 0.02 | D4: 0.009 | E4: 0.004 | F4: 0.002 | G4: 0.001
A5: UCF | B5: 0.533 | C5: 0.023 | D5: 0.01 | E5: 0.004 | F5: 0.002 | G5: 0.001
A6: Mississippi State | B6: 0.751 | C6: 0.24 | D6: 0.019 | E6: 0.007 | F6: 0.003 | G6: 0.001
A7: Liberty | B7: 0.249 | C7: 0.053 | D7: 0.007 | E7: 0.003 | F7: 0.001 | G7: 0.001
A8: Virginia Tech | B8: 0.874 | C8: 0.659 | D8: 0.06 | E8: 0.024 | F8: 0.009 | G8: 0.004
A9: Saint Louis | B9: 0.126 | C9: 0.049 | D9: 0.007 | E9: 0.003 | F9: 0.001 | G9: 0.001
A10: Maryland | B10: 0.769 | C10: 0.249 | D10: 0.05 | E10: 0.009 | F10: 0.004 | G10: 0.002
A11: Belmont/Temple | B11: 0.231 | C11: 0.064 | D11: 0.009 | E11: 0.003 | F11: 0.001 | G11: 0.001
A12: LSU | B12: 0.854 | C12: 0.633 | D12: 0.198 | E12: 0.036 | F12: 0.017 | G12: 0.007
A13: Yale | B13: 0.146 | C13: 0.054 | D13: 0.01 | E13: 0.004 | F13: 0.002 | G13: 0.001
... A65: Abilene Christian | B65: 0.037 | C65: 0.018 | D65: 0.011 | E65: 0.003 | F65: 0.002 | G65: 0.001

Sheet Slot calculations
A1: Team | B1: S | H1: p0 | N1: p0f0 | T1: Expected point difference | Z1: Ratio | AF1: Variance | AL1: Variance difference | AR1: Ratio | AX1: Value ratio | BD1: Value | BJ1: BAB
B2: R64 | C2: R32 | D2: S16 | E2: E8 | F2: F4 | G2: C2 | H2: R64 | I2: R32 | J2: S16 | K2: E8 | L2: F4 | M2: C2 | N2: R64 | O2: R32 | P2: S16 | Q2: E8 | R2: F4 | S2: C2 | T2: R64 | U2: R32 | V2: S16 | W2: E8 | X2: F4 | Y2: C2 | Z2: R64 | AA2: R32 | AB2: S16 | AC2: E8 | AD2: F4 | AE2: C2 | AF2: R64 | AG2: R32 | AH2: S16 | AI2: E8 | AJ2: F4 | AK2: C2 | AL2: R64 | AM2: R32 | AN2: S16 | AO2: E8 | AP2: F4 | AQ2: C2 | AR2: R64 | AS2: R32 | AT2: S16 | AU2: E8 | AV2: F4 | AW2: C2 | AX2: R64 | AY2: R32 | AZ2: S16 | BA2: E8 | BB2: F4 | BC2: C2 | BD2: R64 | BE2: R32 | BF2: S16 | BG2: E8 | BH2: F4 | BI2: C2 | BJ2: R64 | BK2: R32 | BL2: S16 | BM2: E8 | BN2: F4 | BO2: C2
A3: Duke | B3: =SUMPRODUCT('Brackets - prob'!B2:B3,'Brackets - freq'!B2:B3) | C3: =SUMPRODUCT('Brackets - prob'!C2:C5,'Brackets - freq'!C2:C5) | D3: =SUMPRODUCT('Brackets - prob'!D2:D9,'Brackets - freq'!D2:D9) | E3: =SUMPRODUCT('Brackets - prob'!E2:E17,'Brackets - freq'!E2:E17) | F3: =SUMPRODUCT('Brackets - prob'!F2:F33,'Brackets - freq'!F2:F33) | G3: =SUMPRODUCT('Brackets - prob'!G2:G65,'Brackets - freq'!G2:G65) | H3: =MAX('Brackets - prob'!B2:B3) | I3: =MAX('Brackets - prob'!C2:C5) | J3: =MAX('Brackets - prob'!D2:D9) | K3: =MAX('Brackets - prob'!E2:E17) | L3: =MAX('Brackets - prob'!F2:F33) | M3: =MAX('Brackets - prob'!G2:G65) | N3: =AVERAGEIF('Brackets - prob'!B2:B3,"="&H3,'Brackets - freq'!B2:B3)*H3 | O3: =AVERAGEIF('Brackets - prob'!C2:C5,"="&I3,'Brackets - freq'!C2:C5)*I3 | P3: =AVERAGEIF('Brackets - prob'!D2:D9,"="&J3,'Brackets - freq'!D2:D9)*J3 | Q3: =AVERAGEIF('Brackets - prob'!E2:E17,"="&K3,'Brackets - freq'!E2:E17)*K3 | R3: =AVERAGEIF('Brackets - prob'!F2:F33,"="&L3,'Brackets - freq'!F2:F33)*L3 | S3: =AVERAGEIF('Brackets - prob'!G2:G65,"="&M3,'Brackets - freq'!G2:G65)*M3 | T3: =Bracket!E$2*('Brackets - prob'!B2-H3) | U3: =Bracket!F$2*('Brackets - prob'!C2-I3) | V3: =Bracket!G$2*('Brackets - prob'!D2-J3) | W3: =Bracket!H$2*('Brackets - prob'!E2-K3) | X3: =Bracket!I$2*('Brackets - prob'!F2-L3) | Y3: =Bracket!J$2*('Brackets - prob'!G2-M3) | Z3: =SUM(T3:$T3) | AA3: =SUM($T3:U3) | AB3: =SUM($T3:V3) | AC3: =SUM($T3:W3) | AD3: =SUM($T3:X3) | AE3: =SUM($T3:Y3) | AF3: ='Brackets - prob'!B2*(1-'Brackets - prob'!B2-2*'Brackets - freq'!B2+2*B3)+B3-B3^2 | AG3: ='Brackets - prob'!C2*(1-'Brackets - prob'!C2-2*'Brackets - freq'!C2+2*C3)+C3-C3^2 | AH3: ='Brackets - prob'!D2*(1-'Brackets - prob'!D2-2*'Brackets - freq'!D2+2*D3)+D3-D3^2 | AI3: ='Brackets - prob'!E2*(1-'Brackets - prob'!E2-2*'Brackets - freq'!E2+2*E3)+E3-E3^2 | AJ3: ='Brackets - prob'!F2*(1-'Brackets - prob'!F2-2*'Brackets - freq'!F2+2*F3)+F3-F3^2 | AK3: ='Brackets - prob'!G2*(1-'Brackets - prob'!G2-2*'Brackets - freq'!G2+2*G3)+G3-G3^2 | AL3: =Bracket!E$2^2*(('Brackets - prob'!B2-H3)*(1+2*B3)-'Brackets - prob'!B2^2+H3^2-2*('Brackets - prob'!B2*'Brackets - freq'!B2-N3)) | AM3: =Bracket!F$2^2*(('Brackets - prob'!C2-I3)*(1+2*C3)-'Brackets - prob'!C2^2+I3^2-2*('Brackets - prob'!C2*'Brackets - freq'!C2-O3)) | AN3: =Bracket!G$2^2*(('Brackets - prob'!D2-J3)*(1+2*D3)-'Brackets - prob'!D2^2+J3^2-2*('Brackets - prob'!D2*'Brackets - freq'!D2-P3)) | AO3: =Bracket!H$2^2*(('Brackets - prob'!E2-K3)*(1+2*E3)-'Brackets - prob'!E2^2+K3^2-2*('Brackets - prob'!E2*'Brackets - freq'!E2-Q3)) | AP3: =Bracket!I$2^2*(('Brackets - prob'!F2-L3)*(1+2*F3)-'Brackets - prob'!F2^2+L3^2-2*('Brackets - prob'!F2*'Brackets - freq'!F2-R3)) | AQ3: =Bracket!J$2^2*(('Brackets - prob'!G2-M3)*(1+2*G3)-'Brackets - prob'!G2^2+M3^2-2*('Brackets - prob'!G2*'Brackets - freq'!G2-S3)) | AR3: =SUM($AL3:AL3) | AS3: =SUM($AL3:AM3) | AT3: =SUM($AL3:AN3) | AU3: =SUM($AL3:AO3) | AV3: =SUM($AL3:AP3) | AW3: =SUM($AL3:AQ3) | AX3: =IF(Z3=0,0,AR3/Z3) | AY3: =IF(AA3=0,0,AS3/AA3) | AZ3: =IF(AB3=0,0,AT3/AB3) | BA3: =IF(AC3=0,0,AU3/AC3) | BB3: =IF(AD3=0,0,AV3/AD3) | BC3: =IF(AE3=0,0,AW3/AE3) | BD3: =IF(OR(AX3=0,AX3<=-1),1,0) | BE3: =IF(OR(AY3=0,AY3<=-1),1,0) | BF3: =IF(OR(AZ3=0,AZ3<=-1),1,0) | BG3: =IF(OR(BA3=0,BA3<=-1),1,0) | BH3: =IF(OR(BB3=0,BB3<=-1),1,0) | BI3: =IF(OR(BC3=0,BC3<=-1),1,0) | BJ3: =IF(AND('Brackets - prob'!B2>H3-0.5,'Brackets - freq'!B2/'Brackets - prob'!B2<N3/H3^2),1,0) | BK3: =IF(AND('Brackets - prob'!C2>I3-0.5,'Brackets - freq'!C2/'Brackets - prob'!C2<O3/I3^2),1,0) | BL3: =IF(AND('Brackets - prob'!D2>J3-0.5,'Brackets - freq'!D2/'Brackets - prob'!D2<P3/J3^2),1,0) | BM3: =IF(AND('Brackets - prob'!E2>K3-0.5,'Brackets - freq'!E2/'Brackets - prob'!E2<Q3/K3^2),1,0) | BN3: =IF(AND('Brackets - prob'!F2>L3-0.5,'Brackets - freq'!F2/'Brackets - prob'!F2<R3/L3^2),1,0) | BO3: =IF(AND('Brackets - prob'!G2>M3-0.5,'Brackets - freq'!G2/'Brackets - prob'!G2<S3/M3^2),1,0)
A4: NDS/NCC | B4: =B3 | C4: =C3 | D4: =D3 | E4: =E3 | F4: =F3 | G4: =G3 | H4: =H3 | I4: =I3 | ... S4: =S3 | T4: =Bracket!E$2*('Brackets - prob'!B3-H4) | U4: =Bracket!F$2*('Brackets - prob'!C3-I4) | V4: =Bracket!G$2*('Brackets - prob'!D3-J4) | W4: =Bracket!H$2*('Brackets - prob'!E3-K4) | X4: =Bracket!I$2*('Brackets - prob'!F3-L4) | Y4: =Bracket!J$2*('Brackets - prob'!G3-M4) | Z4: =SUM(T4:$T4) | AA4: =SUM($T4:U4) | AB4: =SUM($T4:V4) | AC4: =SUM($T4:W4) | AD4: =SUM($T4:X4) | AE4: =SUM($T4:Y4) | AF4: ='Brackets - prob'!B3*(1-'Brackets - prob'!B3-2*'Brackets - freq'!B3+2*B4)+B4-B4^2 | AG4: ='Brackets - prob'!C3*(1-'Brackets - prob'!C3-2*'Brackets - freq'!C3+2*C4)+C4-C4^2 | AH4: ='Brackets - prob'!D3*(1-'Brackets - prob'!D3-2*'Brackets - freq'!D3+2*D4)+D4-D4^2 | AI4: ='Brackets - prob'!E3*(1-'Brackets - prob'!E3-2*'Brackets - freq'!E3+2*E4)+E4-E4^2 | AJ4: ='Brackets - prob'!F3*(1-'Brackets - prob'!F3-2*'Brackets - freq'!F3+2*F4)+F4-F4^2 | AK4: ='Brackets - prob'!G3*(1-'Brackets - prob'!G3-2*'Brackets - freq'!G3+2*G4)+G4-G4^2 | AL4: =Bracket!E$2^2*(('Brackets - prob'!B3-H4)*(1+2*B4)-'Brackets - prob'!B3^2+H4^2-2*('Brackets - prob'!B3*'Brackets - freq'!B3-N4)) | AM4: =Bracket!F$2^2*(('Brackets - prob'!C3-I4)*(1+2*C4)-'Brackets - prob'!C3^2+I4^2-2*('Brackets - prob'!C3*'Brackets - freq'!C3-O4)) | AN4: =Bracket!G$2^2*(('Brackets - prob'!D3-J4)*(1+2*D4)-'Brackets - prob'!D3^2+J4^2-2*('Brackets - prob'!D3*'Brackets - freq'!D3-P4)) | AO4: =Bracket!H$2^2*(('Brackets - prob'!E3-K4)*(1+2*E4)-'Brackets - prob'!E3^2+K4^2-2*('Brackets - prob'!E3*'Brackets - freq'!E3-Q4)) | AP4: =Bracket!I$2^2*(('Brackets - prob'!F3-L4)*(1+2*F4)-'Brackets - prob'!F3^2+L4^2-2*('Brackets - prob'!F3*'Brackets - freq'!F3-R4)) | AQ4: =Bracket!J$2^2*(('Brackets - prob'!G3-M4)*(1+2*G4)-'Brackets - prob'!G3^2+M4^2-2*('Brackets - prob'!G3*'Brackets - freq'!G3-S4)) | AR4: =SUM($AL4:AL4) | AS4: =SUM($AL4:AM4) | AT4: =SUM($AL4:AN4) | AU4: =SUM($AL4:AO4) | AV4: =SUM($AL4:AP4) | AW4: =SUM($AL4:AQ4) | AX4: =IF(Z4=0,0,AR4/Z4) | AY4: =IF(AA4=0,0,AS4/AA4) | AZ4: =IF(AB4=0,0,AT4/AB4) | BA4: =IF(AC4=0,0,AU4/AC4) | BB4: =IF(AD4=0,0,AV4/AD4) | BC4: =IF(AE4=0,0,AW4/AE4) | BD4: =IF(OR(AX4=0,AX4<=-1),1,0) | BE4: =IF(OR(AY4=0,AY4<=-1),1,0) | BF4: =IF(OR(AZ4=0,AZ4<=-1),1,0) | BG4: =IF(OR(BA4=0,BA4<=-1),1,0) | BH4: =IF(OR(BB4=0,BB4<=-1),1,0) | BI4: =IF(OR(BC4=0,BC4<=-1),1,0) | BJ4: =IF(AND('Brackets - prob'!B3>H4-0.5,'Brackets - freq'!B3/'Brackets - prob'!B3<N4/H4^2),1,0) | BK4: =IF(AND('Brackets - prob'!C3>I4-0.5,'Brackets - freq'!C3/'Brackets - prob'!C3<O4/I4^2),1,0) | BL4: =IF(AND('Brackets - prob'!D3>J4-0.5,'Brackets - freq'!D3/'Brackets - prob'!D3<P4/J4^2),1,0) | BM4: =IF(AND('Brackets - prob'!E3>K4-0.5,'Brackets - freq'!E3/'Brackets - prob'!E3<Q4/K4^2),1,0) | BN4: =IF(AND('Brackets - prob'!F3>L4-0.5,'Brackets - freq'!F3/'Brackets - prob'!F3<R4/L4^2),1,0) | BO4: =IF(AND('Brackets - prob'!G3>M4-0.5,'Brackets - freq'!G3/'Brackets - prob'!G3<S4/M4^2),1,0)
A5: VCU | B5: =SUMPRODUCT('Brackets - prob'!B4:B5,'Brackets - freq'!B4:B5) | C5: =C4 | D5: =D4 | E5: =E4 | F5: =F4 | G5: =G4 | H5: =MAX('Brackets - prob'!B4:B5) | I5: =I4 | J5: =J4 | K5: =K4 | L5: =L4 | M5: =M4 | N5: =AVERAGEIF('Brackets - prob'!B4:B5,"="&H5,'Brackets - freq'!B4:B5)*H5 | O5: =O4 | P5: =P4 | Q5: =Q4 | R5: =R4 | S5: =S4 | T5: =Bracket!E$2*('Brackets - prob'!B4-H5) | U5: =Bracket!F$2*('Brackets - prob'!C4-I5) | V5: =Bracket!G$2*('Brackets - prob'!D4-J5) | W5: =Bracket!H$2*('Brackets - prob'!E4-K5) | X5: =Bracket!I$2*('Brackets - prob'!F4-L5) | Y5: =Bracket!J$2*('Brackets - prob'!G4-M5) | Z5: =SUM(T5:$T5) | AA5: =SUM($T5:U5) | AB5: =SUM($T5:V5) | AC5: =SUM($T5:W5) | AD5: =SUM($T5:X5) | AE5: =SUM($T5:Y5) | AF5: ='Brackets - prob'!B4*(1-'Brackets - prob'!B4-2*'Brackets - freq'!B4+2*B5)+B5-B5^2 | AG5: ='Brackets - prob'!C4*(1-'Brackets - prob'!C4-2*'Brackets - freq'!C4+2*C5)+C5-C5^2 | AH5: ='Brackets - prob'!D4*(1-'Brackets - prob'!D4-2*'Brackets - freq'!D4+2*D5)+D5-D5^2 | AI5: ='Brackets - prob'!E4*(1-'Brackets - prob'!E4-2*'Brackets - freq'!E4+2*E5)+E5-E5^2 | AJ5: ='Brackets - prob'!F4*(1-'Brackets - prob'!F4-2*'Brackets - freq'!F4+2*F5)+F5-F5^2 | AK5: ='Brackets - prob'!G4*(1-'Brackets - prob'!G4-2*'Brackets - freq'!G4+2*G5)+G5-G5^2 | AL5: =Bracket!E$2^2*(('Brackets - prob'!B4-H5)*(1+2*B5)-'Brackets - prob'!B4^2+H5^2-2*('Brackets - prob'!B4*'Brackets - freq'!B4-N5)) | AM5: =Bracket!F$2^2*(('Brackets - prob'!C4-I5)*(1+2*C5)-'Brackets - prob'!C4^2+I5^2-2*('Brackets - prob'!C4*'Brackets - freq'!C4-O5)) | AN5: =Bracket!G$2^2*(('Brackets - prob'!D4-J5)*(1+2*D5)-'Brackets - prob'!D4^2+J5^2-2*('Brackets - prob'!D4*'Brackets - freq'!D4-P5)) | AO5: =Bracket!H$2^2*(('Brackets - prob'!E4-K5)*(1+2*E5)-'Brackets - prob'!E4^2+K5^2-2*('Brackets - prob'!E4*'Brackets - freq'!E4-Q5)) | AP5: =Bracket!I$2^2*(('Brackets - prob'!F4-L5)*(1+2*F5)-'Brackets - prob'!F4^2+L5^2-2*('Brackets - prob'!F4*'Brackets - freq'!F4-R5)) | AQ5: =Bracket!J$2^2*(('Brackets - prob'!G4-M5)*(1+2*G5)-'Brackets - prob'!G4^2+M5^2-2*('Brackets - prob'!G4*'Brackets - freq'!G4-S5)) | AR5: =SUM($AL5:AL5) | AS5: =SUM($AL5:AM5) | AT5: =SUM($AL5:AN5) | AU5: =SUM($AL5:AO5) | AV5: =SUM($AL5:AP5) | AW5: =SUM($AL5:AQ5) | AX5: =IF(Z5=0,0,AR5/Z5) | AY5: =IF(AA5=0,0,AS5/AA5) | AZ5: =IF(AB5=0,0,AT5/AB5) | BA5: =IF(AC5=0,0,AU5/AC5) | BB5: =IF(AD5=0,0,AV5/AD5) | BC5: =IF(AE5=0,0,AW5/AE5) | BD5: =IF(OR(AX5=0,AX5<=-1),1,0) | BE5: =IF(OR(AY5=0,AY5<=-1),1,0) | BF5: =IF(OR(AZ5=0,AZ5<=-1),1,0) | BG5: =IF(OR(BA5=0,BA5<=-1),1,0) | BH5: =IF(OR(BB5=0,BB5<=-1),1,0) | BI5: =IF(OR(BC5=0,BC5<=-1),1,0) | BJ5: =IF(AND('Brackets - prob'!B4>H5-0.5,'Brackets - freq'!B4/'Brackets - prob'!B4<N5/H5^2),1,0) | BK5: =IF(AND('Brackets - prob'!C4>I5-0.5,'Brackets - freq'!C4/'Brackets - prob'!C4<O5/I5^2),1,0) | BL5: =IF(AND('Brackets - prob'!D4>J5-0.5,'Brackets - freq'!D4/'Brackets - prob'!D4<P5/J5^2),1,0) | BM5: =IF(AND('Brackets - prob'!E4>K5-0.5,'Brackets - freq'!E4/'Brackets - prob'!E4<Q5/K5^2),1,0) | BN5: =IF(AND('Brackets - prob'!F4>L5-0.5,'Brackets - freq'!F4/'Brackets - prob'!F4<R5/L5^2),1,0) | BO5: =IF(AND('Brackets - prob'!G4>M5-0.5,'Brackets - freq'!G4/'Brackets - prob'!G4<S5/M5^2),1,0)
A6: UCF | B6: =B5 | C6: =C5 | D6: =D5 | E6: =E5 | F6: =F5 | G6: =G5 | H6: =H5 | I6: =I5 | ... S6: =S5 | T6: =Bracket!E$2*('Brackets - prob'!B5-H6) | U6: =Bracket!F$2*('Brackets - prob'!C5-I6) | V6: =Bracket!G$2*('Brackets - prob'!D5-J6) | W6: =Bracket!H$2*('Brackets - prob'!E5-K6) | X6: =Bracket!I$2*('Brackets - prob'!F5-L6) | Y6: =Bracket!J$2*('Brackets - prob'!G5-M6) | Z6: =SUM(T6:$T6) | AA6: =SUM($T6:U6) | AB6: =SUM($T6:V6) | AC6: =SUM($T6:W6) | AD6: =SUM($T6:X6) | AE6: =SUM($T6:Y6) | AF6: ='Brackets - prob'!B5*(1-'Brackets - prob'!B5-2*'Brackets - freq'!B5+2*B6)+B6-B6^2 | AG6: ='Brackets - prob'!C5*(1-'Brackets - prob'!C5-2*'Brackets - freq'!C5+2*C6)+C6-C6^2 | AH6: ='Brackets - prob'!D5*(1-'Brackets - prob'!D5-2*'Brackets - freq'!D5+2*D6)+D6-D6^2 | AI6: ='Brackets - prob'!E5*(1-'Brackets - prob'!E5-2*'Brackets - freq'!E5+2*E6)+E6-E6^2 | AJ6: ='Brackets - prob'!F5*(1-'Brackets - prob'!F5-2*'Brackets - freq'!F5+2*F6)+F6-F6^2 | AK6: ='Brackets - prob'!G5*(1-'Brackets - prob'!G5-2*'Brackets - freq'!G5+2*G6)+G6-G6^2 | AL6: =Bracket!E$2^2*(('Brackets - prob'!B5-H6)*(1+2*B6)-'Brackets - prob'!B5^2+H6^2-2*('Brackets - prob'!B5*'Brackets - freq'!B5-N6)) | AM6: =Bracket!F$2^2*(('Brackets - prob'!C5-I6)*(1+2*C6)-'Brackets - prob'!C5^2+I6^2-2*('Brackets - prob'!C5*'Brackets - freq'!C5-O6)) | AN6: =Bracket!G$2^2*(('Brackets - prob'!D5-J6)*(1+2*D6)-'Brackets - prob'!D5^2+J6^2-2*('Brackets - prob'!D5*'Brackets - freq'!D5-P6)) | AO6: =Bracket!H$2^2*(('Brackets - prob'!E5-K6)*(1+2*E6)-'Brackets - prob'!E5^2+K6^2-2*('Brackets - prob'!E5*'Brackets - freq'!E5-Q6)) | AP6: =Bracket!I$2^2*(('Brackets - prob'!F5-L6)*(1+2*F6)-'Brackets - prob'!F5^2+L6^2-2*('Brackets - prob'!F5*'Brackets - freq'!F5-R6)) | AQ6: =Bracket!J$2^2*(('Brackets - prob'!G5-M6)*(1+2*G6)-'Brackets - prob'!G5^2+M6^2-2*('Brackets - prob'!G5*'Brackets - freq'!G5-S6)) | AR6: =SUM($AL6:AL6) | AS6: =SUM($AL6:AM6) | AT6: =SUM($AL6:AN6) | AU6: =SUM($AL6:AO6) | AV6: =SUM($AL6:AP6) | AW6: =SUM($AL6:AQ6) | AX6: =IF(Z6=0,0,AR6/Z6) | AY6: =IF(AA6=0,0,AS6/AA6) | AZ6: =IF(AB6=0,0,AT6/AB6) | BA6: =IF(AC6=0,0,AU6/AC6) | BB6: =IF(AD6=0,0,AV6/AD6) | BC6: =IF(AE6=0,0,AW6/AE6) | BD6: =IF(OR(AX6=0,AX6<=-1),1,0) | BE6: =IF(OR(AY6=0,AY6<=-1),1,0) | BF6: =IF(OR(AZ6=0,AZ6<=-1),1,0) | BG6: =IF(OR(BA6=0,BA6<=-1),1,0) | BH6: =IF(OR(BB6=0,BB6<=-1),1,0) | BI6: =IF(OR(BC6=0,BC6<=-1),1,0) | BJ6: =IF(AND('Brackets - prob'!B5>H6-0.5,'Brackets - freq'!B5/'Brackets - prob'!B5<N6/H6^2),1,0) | BK6: =IF(AND('Brackets - prob'!C5>I6-0.5,'Brackets - freq'!C5/'Brackets - prob'!C5<O6/I6^2),1,0) | BL6: =IF(AND('Brackets - prob'!D5>J6-0.5,'Brackets - freq'!D5/'Brackets - prob'!D5<P6/J6^2),1,0) | BM6: =IF(AND('Brackets - prob'!E5>K6-0.5,'Brackets - freq'!E5/'Brackets - prob'!E5<Q6/K6^2),1,0) | BN6: =IF(AND('Brackets - prob'!F5>L6-0.5,'Brackets - freq'!F5/'Brackets - prob'!F5<R6/L6^2),1,0) | BO6: =IF(AND('Brackets - prob'!G5>M6-0.5,'Brackets - freq'!G5/'Brackets - prob'!G5<S6/M6^2),1,0)
A7: Mississippi State | B7: =SUMPRODUCT('Brackets - prob'!B6:B7,'Brackets - freq'!B6:B7) | C7: =SUMPRODUCT('Brackets - prob'!C6:C9,'Brackets - freq'!C6:C9) | D7: =D6 | E7: =E6 | F7: =F6 | G7: =G6 | H7: =MAX('Brackets - prob'!B6:B7) | I7: =MAX('Brackets - prob'!C6:C9) | J7: =J6 | K7: =K6 | L7: =L6 | M7: =M6 | N7: =AVERAGEIF('Brackets - prob'!B6:B7,"="&H7,'Brackets - freq'!B6:B7)*H7 | O7: =AVERAGEIF('Brackets - prob'!C6:C9,"="&I7,'Brackets - freq'!C6:C9)*I7 | P7: =P6 | Q7: =Q6 | R7: =R6 | S7: =S6 | T7: =Bracket!E$2*('Brackets - prob'!B6-H7) | U7: =Bracket!F$2*('Brackets - prob'!C6-I7) | V7: =Bracket!G$2*('Brackets - prob'!D6-J7) | W7: =Bracket!H$2*('Brackets - prob'!E6-K7) | X7: =Bracket!I$2*('Brackets - prob'!F6-L7) | Y7: =Bracket!J$2*('Brackets - prob'!G6-M7) | Z7: =SUM(T7:$T7) | AA7: =SUM($T7:U7) | AB7: =SUM($T7:V7) | AC7: =SUM($T7:W7) | AD7: =SUM($T7:X7) | AE7: =SUM($T7:Y7) | AF7: ='Brackets - prob'!B6*(1-'Brackets - prob'!B6-2*'Brackets - freq'!B6+2*B7)+B7-B7^2 | AG7: ='Brackets - prob'!C6*(1-'Brackets - prob'!C6-2*'Brackets - freq'!C6+2*C7)+C7-C7^2 | AH7: ='Brackets - prob'!D6*(1-'Brackets - prob'!D6-2*'Brackets - freq'!D6+2*D7)+D7-D7^2 | AI7: ='Brackets - prob'!E6*(1-'Brackets - prob'!E6-2*'Brackets - freq'!E6+2*E7)+E7-E7^2 | AJ7: ='Brackets - prob'!F6*(1-'Brackets - prob'!F6-2*'Brackets - freq'!F6+2*F7)+F7-F7^2 | AK7: ='Brackets - prob'!G6*(1-'Brackets - prob'!G6-2*'Brackets - freq'!G6+2*G7)+G7-G7^2 | AL7: =Bracket!E$2^2*(('Brackets - prob'!B6-H7)*(1+2*B7)-'Brackets - prob'!B6^2+H7^2-2*('Brackets - prob'!B6*'Brackets - freq'!B6-N7)) | AM7: =Bracket!F$2^2*(('Brackets - prob'!C6-I7)*(1+2*C7)-'Brackets - prob'!C6^2+I7^2-2*('Brackets - prob'!C6*'Brackets - freq'!C6-O7)) | AN7: =Bracket!G$2^2*(('Brackets - prob'!D6-J7)*(1+2*D7)-'Brackets - prob'!D6^2+J7^2-2*('Brackets - prob'!D6*'Brackets - freq'!D6-P7)) | AO7: =Bracket!H$2^2*(('Brackets - prob'!E6-K7)*(1+2*E7)-'Brackets - prob'!E6^2+K7^2-2*('Brackets - prob'!E6*'Brackets - freq'!E6-Q7)) | AP7: =Bracket!I$2^2*(('Brackets - prob'!F6-L7)*(1+2*F7)-'Brackets - prob'!F6^2+L7^2-2*('Brackets - prob'!F6*'Brackets - freq'!F6-R7)) | AQ7: =Bracket!J$2^2*(('Brackets - prob'!G6-M7)*(1+2*G7)-'Brackets - prob'!G6^2+M7^2-2*('Brackets - prob'!G6*'Brackets - freq'!G6-S7)) | AR7: =SUM($AL7:AL7) | AS7: =SUM($AL7:AM7) | AT7: =SUM($AL7:AN7) | AU7: =SUM($AL7:AO7) | AV7: =SUM($AL7:AP7) | AW7: =SUM($AL7:AQ7) | AX7: =IF(Z7=0,0,AR7/Z7) | AY7: =IF(AA7=0,0,AS7/AA7) | AZ7: =IF(AB7=0,0,AT7/AB7) | BA7: =IF(AC7=0,0,AU7/AC7) | BB7: =IF(AD7=0,0,AV7/AD7) | BC7: =IF(AE7=0,0,AW7/AE7) | BD7: =IF(OR(AX7=0,AX7<=-1),1,0) | BE7: =IF(OR(AY7=0,AY7<=-1),1,0) | BF7: =IF(OR(AZ7=0,AZ7<=-1),1,0) | BG7: =IF(OR(BA7=0,BA7<=-1),1,0) | BH7: =IF(OR(BB7=0,BB7<=-1),1,0) | BI7: =IF(OR(BC7=0,BC7<=-1),1,0) | BJ7: =IF(AND('Brackets - prob'!B6>H7-0.5,'Brackets - freq'!B6/'Brackets - prob'!B6<N7/H7^2),1,0) | BK7: =IF(AND('Brackets - prob'!C6>I7-0.5,'Brackets - freq'!C6/'Brackets - prob'!C6<O7/I7^2),1,0) | BL7: =IF(AND('Brackets - prob'!D6>J7-0.5,'Brackets - freq'!D6/'Brackets - prob'!D6<P7/J7^2),1,0) | BM7: =IF(AND('Brackets - prob'!E6>K7-0.5,'Brackets - freq'!E6/'Brackets - prob'!E6<Q7/K7^2),1,0) | BN7: =IF(AND('Brackets - prob'!F6>L7-0.5,'Brackets - freq'!F6/'Brackets - prob'!F6<R7/L7^2),1,0) | BO7: =IF(AND('Brackets - prob'!G6>M7-0.5,'Brackets - freq'!G6/'Brackets - prob'!G6<S7/M7^2),1,0)
A8: Liberty | B8: =B7 | C8: =C7 | D8: =D7 | E8: =E7 | F8: =F7 | G8: =G7 | H8: =H7 | I8: =I7 | ... S8: =S7 | T8: =Bracket!E$2*('Brackets - prob'!B7-H8) | U8: =Bracket!F$2*('Brackets - prob'!C7-I8) | V8: =Bracket!G$2*('Brackets - prob'!D7-J8) | W8: =Bracket!H$2*('Brackets - prob'!E7-K8) | X8: =Bracket!I$2*('Brackets - prob'!F7-L8) | Y8: =Bracket!J$2*('Brackets - prob'!G7-M8) | Z8: =SUM(T8:$T8) | AA8: =SUM($T8:U8) | AB8: =SUM($T8:V8) | AC8: =SUM($T8:W8) | AD8: =SUM($T8:X8) | AE8: =SUM($T8:Y8) | AF8: ='Brackets - prob'!B7*(1-'Brackets - prob'!B7-2*'Brackets - freq'!B7+2*B8)+B8-B8^2 | AG8: ='Brackets - prob'!C7*(1-'Brackets - prob'!C7-2*'Brackets - freq'!C7+2*C8)+C8-C8^2 | AH8: ='Brackets - prob'!D7*(1-'Brackets - prob'!D7-2*'Brackets - freq'!D7+2*D8)+D8-D8^2 | AI8: ='Brackets - prob'!E7*(1-'Brackets - prob'!E7-2*'Brackets - freq'!E7+2*E8)+E8-E8^2 | AJ8: ='Brackets - prob'!F7*(1-'Brackets - prob'!F7-2*'Brackets - freq'!F7+2*F8)+F8-F8^2 | AK8: ='Brackets - prob'!G7*(1-'Brackets - prob'!G7-2*'Brackets - freq'!G7+2*G8)+G8-G8^2 | AL8: =Bracket!E$2^2*(('Brackets - prob'!B7-H8)*(1+2*B8)-'Brackets - prob'!B7^2+H8^2-2*('Brackets - prob'!B7*'Brackets - freq'!B7-N8)) | AM8: =Bracket!F$2^2*(('Brackets - prob'!C7-I8)*(1+2*C8)-'Brackets - prob'!C7^2+I8^2-2*('Brackets - prob'!C7*'Brackets - freq'!C7-O8)) | AN8: =Bracket!G$2^2*(('Brackets - prob'!D7-J8)*(1+2*D8)-'Brackets - prob'!D7^2+J8^2-2*('Brackets - prob'!D7*'Brackets - freq'!D7-P8)) | AO8: =Bracket!H$2^2*(('Brackets - prob'!E7-K8)*(1+2*E8)-'Brackets - prob'!E7^2+K8^2-2*('Brackets - prob'!E7*'Brackets - freq'!E7-Q8)) | AP8: =Bracket!I$2^2*(('Brackets - prob'!F7-L8)*(1+2*F8)-'Brackets - prob'!F7^2+L8^2-2*('Brackets - prob'!F7*'Brackets - freq'!F7-R8)) | AQ8: =Bracket!J$2^2*(('Brackets - prob'!G7-M8)*(1+2*G8)-'Brackets - prob'!G7^2+M8^2-2*('Brackets - prob'!G7*'Brackets - freq'!G7-S8)) | AR8: =SUM($AL8:AL8) | AS8: =SUM($AL8:AM8) | AT8: =SUM($AL8:AN8) | AU8: =SUM($AL8:AO8) | AV8: =SUM($AL8:AP8) | AW8: =SUM($AL8:AQ8) | AX8: =IF(Z8=0,0,AR8/Z8) | AY8: =IF(AA8=0,0,AS8/AA8) | AZ8: =IF(AB8=0,0,AT8/AB8) | BA8: =IF(AC8=0,0,AU8/AC8) | BB8: =IF(AD8=0,0,AV8/AD8) | BC8: =IF(AE8=0,0,AW8/AE8) | BD8: =IF(OR(AX8=0,AX8<=-1),1,0) | BE8: =IF(OR(AY8=0,AY8<=-1),1,0) | BF8: =IF(OR(AZ8=0,AZ8<=-1),1,0) | BG8: =IF(OR(BA8=0,BA8<=-1),1,0) | BH8: =IF(OR(BB8=0,BB8<=-1),1,0) | BI8: =IF(OR(BC8=0,BC8<=-1),1,0) | BJ8: =IF(AND('Brackets - prob'!B7>H8-0.5,'Brackets - freq'!B7/'Brackets - prob'!B7<N8/H8^2),1,0) | BK8: =IF(AND('Brackets - prob'!C7>I8-0.5,'Brackets - freq'!C7/'Brackets - prob'!C7<O8/I8^2),1,0) | BL8: =IF(AND('Brackets - prob'!D7>J8-0.5,'Brackets - freq'!D7/'Brackets - prob'!D7<P8/J8^2),1,0) | BM8: =IF(AND('Brackets - prob'!E7>K8-0.5,'Brackets - freq'!E7/'Brackets - prob'!E7<Q8/K8^2),1,0) | BN8: =IF(AND('Brackets - prob'!F7>L8-0.5,'Brackets - freq'!F7/'Brackets - prob'!F7<R8/L8^2),1,0) | BO8: =IF(AND('Brackets - prob'!G7>M8-0.5,'Brackets - freq'!G7/'Brackets - prob'!G7<S8/M8^2),1,0)
A9: Virginia Tech | B9: =SUMPRODUCT('Brackets - prob'!B8:B9,'Brackets - freq'!B8:B9) | C9: =C8 | D9: =D8 | E9: =E8 | F9: =F8 | G9: =G8 | H9: =MAX('Brackets - prob'!B8:B9) | I9: =I8 | J9: =J8 | K9: =K8 | L9: =L8 | M9: =M8 | N9: =AVERAGEIF('Brackets - prob'!B8:B9,"="&H9,'Brackets - freq'!B8:B9)*H9 | O9: =O8 | P9: =P8 | Q9: =Q8 | R9: =R8 | S9: =S8 | T9: =Bracket!E$2*('Brackets - prob'!B8-H9) | U9: =Bracket!F$2*('Brackets - prob'!C8-I9) | V9: =Bracket!G$2*('Brackets - prob'!D8-J9) | W9: =Bracket!H$2*('Brackets - prob'!E8-K9) | X9: =Bracket!I$2*('Brackets - prob'!F8-L9) | Y9: =Bracket!J$2*('Brackets - prob'!G8-M9) | Z9: =SUM(T9:$T9) | AA9: =SUM($T9:U9) | AB9: =SUM($T9:V9) | AC9: =SUM($T9:W9) | AD9: =SUM($T9:X9) | AE9: =SUM($T9:Y9) | AF9: ='Brackets - prob'!B8*(1-'Brackets - prob'!B8-2*'Brackets - freq'!B8+2*B9)+B9-B9^2 | AG9: ='Brackets - prob'!C8*(1-'Brackets - prob'!C8-2*'Brackets - freq'!C8+2*C9)+C9-C9^2 | AH9: ='Brackets - prob'!D8*(1-'Brackets - prob'!D8-2*'Brackets - freq'!D8+2*D9)+D9-D9^2 | AI9: ='Brackets - prob'!E8*(1-'Brackets - prob'!E8-2*'Brackets - freq'!E8+2*E9)+E9-E9^2 | AJ9: ='Brackets - prob'!F8*(1-'Brackets - prob'!F8-2*'Brackets - freq'!F8+2*F9)+F9-F9^2 | AK9: ='Brackets - prob'!G8*(1-'Brackets - prob'!G8-2*'Brackets - freq'!G8+2*G9)+G9-G9^2 | AL9: =Bracket!E$2^2*(('Brackets - prob'!B8-H9)*(1+2*B9)-'Brackets - prob'!B8^2+H9^2-2*('Brackets - prob'!B8*'Brackets - freq'!B8-N9)) | AM9: =Bracket!F$2^2*(('Brackets - prob'!C8-I9)*(1+2*C9)-'Brackets - prob'!C8^2+I9^2-2*('Brackets - prob'!C8*'Brackets - freq'!C8-O9)) | AN9: =Bracket!G$2^2*(('Brackets - prob'!D8-J9)*(1+2*D9)-'Brackets - prob'!D8^2+J9^2-2*('Brackets - prob'!D8*'Brackets - freq'!D8-P9)) | AO9: =Bracket!H$2^2*(('Brackets - prob'!E8-K9)*(1+2*E9)-'Brackets - prob'!E8^2+K9^2-2*('Brackets - prob'!E8*'Brackets - freq'!E8-Q9)) | AP9: =Bracket!I$2^2*(('Brackets - prob'!F8-L9)*(1+2*F9)-'Brackets - prob'!F8^2+L9^2-2*('Brackets - prob'!F8*'Brackets - freq'!F8-R9)) | AQ9: =Bracket!J$2^2*(('Brackets - prob'!G8-M9)*(1+2*G9)-'Brackets - prob'!G8^2+M9^2-2*('Brackets - prob'!G8*'Brackets - freq'!G8-S9)) | AR9: =SUM($AL9:AL9) | AS9: =SUM($AL9:AM9) | AT9: =SUM($AL9:AN9) | AU9: =SUM($AL9:AO9) | AV9: =SUM($AL9:AP9) | AW9: =SUM($AL9:AQ9) | AX9: =IF(Z9=0,0,AR9/Z9) | AY9: =IF(AA9=0,0,AS9/AA9) | AZ9: =IF(AB9=0,0,AT9/AB9) | BA9: =IF(AC9=0,0,AU9/AC9) | BB9: =IF(AD9=0,0,AV9/AD9) | BC9: =IF(AE9=0,0,AW9/AE9) | BD9: =IF(OR(AX9=0,AX9<=-1),1,0) | BE9: =IF(OR(AY9=0,AY9<=-1),1,0) | BF9: =IF(OR(AZ9=0,AZ9<=-1),1,0) | BG9: =IF(OR(BA9=0,BA9<=-1),1,0) | BH9: =IF(OR(BB9=0,BB9<=-1),1,0) | BI9: =IF(OR(BC9=0,BC9<=-1),1,0) | BJ9: =IF(AND('Brackets - prob'!B8>H9-0.5,'Brackets - freq'!B8/'Brackets - prob'!B8<N9/H9^2),1,0) | BK9: =IF(AND('Brackets - prob'!C8>I9-0.5,'Brackets - freq'!C8/'Brackets - prob'!C8<O9/I9^2),1,0) | BL9: =IF(AND('Brackets - prob'!D8>J9-0.5,'Brackets - freq'!D8/'Brackets - prob'!D8<P9/J9^2),1,0) | BM9: =IF(AND('Brackets - prob'!E8>K9-0.5,'Brackets - freq'!E8/'Brackets - prob'!E8<Q9/K9^2),1,0) | BN9: =IF(AND('Brackets - prob'!F8>L9-0.5,'Brackets - freq'!F8/'Brackets - prob'!F8<R9/L9^2),1,0) | BO9: =IF(AND('Brackets - prob'!G8>M9-0.5,'Brackets - freq'!G8/'Brackets - prob'!G8<S9/M9^2),1,0)
A10: Saint Louis | B10: =B9 | C10: =C9 | D10: =D9 | E10: =E9 | F10: =F9 | G10: =G9 | H10: =H9 | I10: =I9 | ... S10: =S9 | T10: =Bracket!E$2*('Brackets - prob'!B9-H10) | U10: =Bracket!F$2*('Brackets - prob'!C9-I10) | V10: =Bracket!G$2*('Brackets - prob'!D9-J10) | W10: =Bracket!H$2*('Brackets - prob'!E9-K10) | X10: =Bracket!I$2*('Brackets - prob'!F9-L10) | Y10: =Bracket!J$2*('Brackets - prob'!G9-M10) | Z10: =SUM(T10:$T10) | AA10: =SUM($T10:U10) | AB10: =SUM($T10:V10) | AC10: =SUM($T10:W10) | AD10: =SUM($T10:X10) | AE10: =SUM($T10:Y10) | AF10: ='Brackets - prob'!B9*(1-'Brackets - prob'!B9-2*'Brackets - freq'!B9+2*B10)+B10-B10^2 | AG10: ='Brackets - prob'!C9*(1-'Brackets - prob'!C9-2*'Brackets - freq'!C9+2*C10)+C10-C10^2 | AH10: ='Brackets - prob'!D9*(1-'Brackets - prob'!D9-2*'Brackets - freq'!D9+2*D10)+D10-D10^2 | AI10: ='Brackets - prob'!E9*(1-'Brackets - prob'!E9-2*'Brackets - freq'!E9+2*E10)+E10-E10^2 | AJ10: ='Brackets - prob'!F9*(1-'Brackets - prob'!F9-2*'Brackets - freq'!F9+2*F10)+F10-F10^2 | AK10: ='Brackets - prob'!G9*(1-'Brackets - prob'!G9-2*'Brackets - freq'!G9+2*G10)+G10-G10^2 | AL10: =Bracket!E$2^2*(('Brackets - prob'!B9-H10)*(1+2*B10)-'Brackets - prob'!B9^2+H10^2-2*('Brackets - prob'!B9*'Brackets - freq'!B9-N10)) | AM10: =Bracket!F$2^2*(('Brackets - prob'!C9-I10)*(1+2*C10)-'Brackets - prob'!C9^2+I10^2-2*('Brackets - prob'!C9*'Brackets - freq'!C9-O10)) | AN10: =Bracket!G$2^2*(('Brackets - prob'!D9-J10)*(1+2*D10)-'Brackets - prob'!D9^2+J10^2-2*('Brackets - prob'!D9*'Brackets - freq'!D9-P10)) | AO10: =Bracket!H$2^2*(('Brackets - prob'!E9-K10)*(1+2*E10)-'Brackets - prob'!E9^2+K10^2-2*('Brackets - prob'!E9*'Brackets - freq'!E9-Q10)) | AP10: =Bracket!I$2^2*(('Brackets - prob'!F9-L10)*(1+2*F10)-'Brackets - prob'!F9^2+L10^2-2*('Brackets - prob'!F9*'Brackets - freq'!F9-R10)) | AQ10: =Bracket!J$2^2*(('Brackets - prob'!G9-M10)*(1+2*G10)-'Brackets - prob'!G9^2+M10^2-2*('Brackets - prob'!G9*'Brackets - freq'!G9-S10)) | AR10: =SUM($AL10:AL10) | AS10: =SUM($AL10:AM10) | AT10: =SUM($AL10:AN10) | AU10: =SUM($AL10:AO10) | AV10: =SUM($AL10:AP10) | AW10: =SUM($AL10:AQ10) | AX10: =IF(Z10=0,0,AR10/Z10) | AY10: =IF(AA10=0,0,AS10/AA10) | AZ10: =IF(AB10=0,0,AT10/AB10) | BA10: =IF(AC10=0,0,AU10/AC10) | BB10: =IF(AD10=0,0,AV10/AD10) | BC10: =IF(AE10=0,0,AW10/AE10) | BD10: =IF(OR(AX10=0,AX10<=-1),1,0) | BE10: =IF(OR(AY10=0,AY10<=-1),1,0) | BF10: =IF(OR(AZ10=0,AZ10<=-1),1,0) | BG10: =IF(OR(BA10=0,BA10<=-1),1,0) | BH10: =IF(OR(BB10=0,BB10<=-1),1,0) | BI10: =IF(OR(BC10=0,BC10<=-1),1,0) | BJ10: =IF(AND('Brackets - prob'!B9>H10-0.5,'Brackets - freq'!B9/'Brackets - prob'!B9<N10/H10^2),1,0) | BK10: =IF(AND('Brackets - prob'!C9>I10-0.5,'Brackets - freq'!C9/'Brackets - prob'!C9<O10/I10^2),1,0) | BL10: =IF(AND('Brackets - prob'!D9>J10-0.5,'Brackets - freq'!D9/'Brackets - prob'!D9<P10/J10^2),1,0) | BM10: =IF(AND('Brackets - prob'!E9>K10-0.5,'Brackets - freq'!E9/'Brackets - prob'!E9<Q10/K10^2),1,0) | BN10: =IF(AND('Brackets - prob'!F9>L10-0.5,'Brackets - freq'!F9/'Brackets - prob'!F9<R10/L10^2),1,0) | BO10: =IF(AND('Brackets - prob'!G9>M10-0.5,'Brackets - freq'!G9/'Brackets - prob'!G9<S10/M10^2),1,0)
A11: Maryland | B11: =SUMPRODUCT('Brackets - prob'!B10:B11,'Brackets - freq'!B10:B11) | C11: =SUMPRODUCT('Brackets - prob'!C10:C13,'Brackets - freq'!C10:C13) | D11: =SUMPRODUCT('Brackets - prob'!D10:D17,'Brackets - freq'!D10:D17) | E11: =E10 | F11: =F10 | G11: =G10 | H11: =MAX('Brackets - prob'!B10:B11) | I11: =MAX('Brackets - prob'!C10:C13) | J11: =MAX('Brackets - prob'!D10:D17) | K11: =K10 | L11: =L10 | M11: =M10 | N11: =AVERAGEIF('Brackets - prob'!B10:B11,"="&H11,'Brackets - freq'!B10:B11)*H11 | O11: =AVERAGEIF('Brackets - prob'!C10:C13,"="&I11,'Brackets - freq'!C10:C13)*I11 | P11: =AVERAGEIF('Brackets - prob'!D10:D17,"="&J11,'Brackets - freq'!D10:D17)*J11 | Q11: =Q10 | R11: =R10 | S11: =S10 | T11: =Bracket!E$2*('Brackets - prob'!B10-H11) | U11: =Bracket!F$2*('Brackets - prob'!C10-I11) | V11: =Bracket!G$2*('Brackets - prob'!D10-J11) | W11: =Bracket!H$2*('Brackets - prob'!E10-K11) | X11: =Bracket!I$2*('Brackets - prob'!F10-L11) | Y11: =Bracket!J$2*('Brackets - prob'!G10-M11) | Z11: =SUM(T11:$T11) | AA11: =SUM($T11:U11) | AB11: =SUM($T11:V11) | AC11: =SUM($T11:W11) | AD11: =SUM($T11:X11) | AE11: =SUM($T11:Y11) | AF11: ='Brackets - prob'!B10*(1-'Brackets - prob'!B10-2*'Brackets - freq'!B10+2*B11)+B11-B11^2 | AG11: ='Brackets - prob'!C10*(1-'Brackets - prob'!C10-2*'Brackets - freq'!C10+2*C11)+C11-C11^2 | AH11: ='Brackets - prob'!D10*(1-'Brackets - prob'!D10-2*'Brackets - freq'!D10+2*D11)+D11-D11^2 | AI11: ='Brackets - prob'!E10*(1-'Brackets - prob'!E10-2*'Brackets - freq'!E10+2*E11)+E11-E11^2 | AJ11: ='Brackets - prob'!F10*(1-'Brackets - prob'!F10-2*'Brackets - freq'!F10+2*F11)+F11-F11^2 | AK11: ='Brackets - prob'!G10*(1-'Brackets - prob'!G10-2*'Brackets - freq'!G10+2*G11)+G11-G11^2 | AL11: =Bracket!E$2^2*(('Brackets - prob'!B10-H11)*(1+2*B11)-'Brackets - prob'!B10^2+H11^2-2*('Brackets - prob'!B10*'Brackets - freq'!B10-N11)) | AM11: =Bracket!F$2^2*(('Brackets - prob'!C10-I11)*(1+2*C11)-'Brackets - prob'!C10^2+I11^2-2*('Brackets - prob'!C10*'Brackets - freq'!C10-O11)) | AN11: =Bracket!G$2^2*(('Brackets - prob'!D10-J11)*(1+2*D11)-'Brackets - prob'!D10^2+J11^2-2*('Brackets - prob'!D10*'Brackets - freq'!D10-P11)) | AO11: =Bracket!H$2^2*(('Brackets - prob'!E10-K11)*(1+2*E11)-'Brackets - prob'!E10^2+K11^2-2*('Brackets - prob'!E10*'Brackets - freq'!E10-Q11)) | AP11: =Bracket!I$2^2*(('Brackets - prob'!F10-L11)*(1+2*F11)-'Brackets - prob'!F10^2+L11^2-2*('Brackets - prob'!F10*'Brackets - freq'!F10-R11)) | AQ11: =Bracket!J$2^2*(('Brackets - prob'!G10-M11)*(1+2*G11)-'Brackets - prob'!G10^2+M11^2-2*('Brackets - prob'!G10*'Brackets - freq'!G10-S11)) | AR11: =SUM($AL11:AL11) | AS11: =SUM($AL11:AM11) | AT11: =SUM($AL11:AN11) | AU11: =SUM($AL11:AO11) | AV11: =SUM($AL11:AP11) | AW11: =SUM($AL11:AQ11) | AX11: =IF(Z11=0,0,AR11/Z11) | AY11: =IF(AA11=0,0,AS11/AA11) | AZ11: =IF(AB11=0,0,AT11/AB11) | BA11: =IF(AC11=0,0,AU11/AC11) | BB11: =IF(AD11=0,0,AV11/AD11) | BC11: =IF(AE11=0,0,AW11/AE11) | BD11: =IF(OR(AX11=0,AX11<=-1),1,0) | BE11: =IF(OR(AY11=0,AY11<=-1),1,0) | BF11: =IF(OR(AZ11=0,AZ11<=-1),1,0) | BG11: =IF(OR(BA11=0,BA11<=-1),1,0) | BH11: =IF(OR(BB11=0,BB11<=-1),1,0) | BI11: =IF(OR(BC11=0,BC11<=-1),1,0) | BJ11: =IF(AND('Brackets - prob'!B10>H11-0.5,'Brackets - freq'!B10/'Brackets - prob'!B10<N11/H11^2),1,0) | BK11: =IF(AND('Brackets - prob'!C10>I11-0.5,'Brackets - freq'!C10/'Brackets - prob'!C10<O11/I11^2),1,0) | BL11: =IF(AND('Brackets - prob'!D10>J11-0.5,'Brackets - freq'!D10/'Brackets - prob'!D10<P11/J11^2),1,0) | BM11: =IF(AND('Brackets - prob'!E10>K11-0.5,'Brackets - freq'!E10/'Brackets - prob'!E10<Q11/K11^2),1,0) | BN11: =IF(AND('Brackets - prob'!F10>L11-0.5,'Brackets - freq'!F10/'Brackets - prob'!F10<R11/L11^2),1,0) | BO11: =IF(AND('Brackets - prob'!G10>M11-0.5,'Brackets - freq'!G10/'Brackets - prob'!G10<S11/M11^2),1,0)
A12: Bel/Tem | B12: =B11 | C12: =C11 | D12: =D11 | E12: =E11 | F12: =F11 | G12: =G11 | H12: =H11 | I12: =I11 | ... S12: =S11 | T12: =Bracket!E$2*('Brackets - prob'!B11-H12) | U12: =Bracket!F$2*('Brackets - prob'!C11-I12) | V12: =Bracket!G$2*('Brackets - prob'!D11-J12) | W12: =Bracket!H$2*('Brackets - prob'!E11-K12) | X12: =Bracket!I$2*('Brackets - prob'!F11-L12) | Y12: =Bracket!J$2*('Brackets - prob'!G11-M12) | Z12: =SUM(T12:$T12) | AA12: =SUM($T12:U12) | AB12: =SUM($T12:V12) | AC12: =SUM($T12:W12) | AD12: =SUM($T12:X12) | AE12: =SUM($T12:Y12) | AF12: ='Brackets - prob'!B11*(1-'Brackets - prob'!B11-2*'Brackets - freq'!B11+2*B12)+B12-B12^2 | AG12: ='Brackets - prob'!C11*(1-'Brackets - prob'!C11-2*'Brackets - freq'!C11+2*C12)+C12-C12^2 | AH12: ='Brackets - prob'!D11*(1-'Brackets - prob'!D11-2*'Brackets - freq'!D11+2*D12)+D12-D12^2 | AI12: ='Brackets - prob'!E11*(1-'Brackets - prob'!E11-2*'Brackets - freq'!E11+2*E12)+E12-E12^2 | AJ12: ='Brackets - prob'!F11*(1-'Brackets - prob'!F11-2*'Brackets - freq'!F11+2*F12)+F12-F12^2 | AK12: ='Brackets - prob'!G11*(1-'Brackets - prob'!G11-2*'Brackets - freq'!G11+2*G12)+G12-G12^2 | AL12: =Bracket!E$2^2*(('Brackets - prob'!B11-H12)*(1+2*B12)-'Brackets - prob'!B11^2+H12^2-2*('Brackets - prob'!B11*'Brackets - freq'!B11-N12)) | AM12: =Bracket!F$2^2*(('Brackets - prob'!C11-I12)*(1+2*C12)-'Brackets - prob'!C11^2+I12^2-2*('Brackets - prob'!C11*'Brackets - freq'!C11-O12)) | AN12: =Bracket!G$2^2*(('Brackets - prob'!D11-J12)*(1+2*D12)-'Brackets - prob'!D11^2+J12^2-2*('Brackets - prob'!D11*'Brackets - freq'!D11-P12)) | AO12: =Bracket!H$2^2*(('Brackets - prob'!E11-K12)*(1+2*E12)-'Brackets - prob'!E11^2+K12^2-2*('Brackets - prob'!E11*'Brackets - freq'!E11-Q12)) | AP12: =Bracket!I$2^2*(('Brackets - prob'!F11-L12)*(1+2*F12)-'Brackets - prob'!F11^2+L12^2-2*('Brackets - prob'!F11*'Brackets - freq'!F11-R12)) | AQ12: =Bracket!J$2^2*(('Brackets - prob'!G11-M12)*(1+2*G12)-'Brackets - prob'!G11^2+M12^2-2*('Brackets - prob'!G11*'Brackets - freq'!G11-S12)) | AR12: =SUM($AL12:AL12) | AS12: =SUM($AL12:AM12) | AT12: =SUM($AL12:AN12) | AU12: =SUM($AL12:AO12) | AV12: =SUM($AL12:AP12) | AW12: =SUM($AL12:AQ12) | AX12: =IF(Z12=0,0,AR12/Z12) | AY12: =IF(AA12=0,0,AS12/AA12) | AZ12: =IF(AB12=0,0,AT12/AB12) | BA12: =IF(AC12=0,0,AU12/AC12) | BB12: =IF(AD12=0,0,AV12/AD12) | BC12: =IF(AE12=0,0,AW12/AE12) | BD12: =IF(OR(AX12=0,AX12<=-1),1,0) | BE12: =IF(OR(AY12=0,AY12<=-1),1,0) | BF12: =IF(OR(AZ12=0,AZ12<=-1),1,0) | BG12: =IF(OR(BA12=0,BA12<=-1),1,0) | BH12: =IF(OR(BB12=0,BB12<=-1),1,0) | BI12: =IF(OR(BC12=0,BC12<=-1),1,0) | BJ12: =IF(AND('Brackets - prob'!B11>H12-0.5,'Brackets - freq'!B11/'Brackets - prob'!B11<N12/H12^2),1,0) | BK12: =IF(AND('Brackets - prob'!C11>I12-0.5,'Brackets - freq'!C11/'Brackets - prob'!C11<O12/I12^2),1,0) | BL12: =IF(AND('Brackets - prob'!D11>J12-0.5,'Brackets - freq'!D11/'Brackets - prob'!D11<P12/J12^2),1,0) | BM12: =IF(AND('Brackets - prob'!E11>K12-0.5,'Brackets - freq'!E11/'Brackets - prob'!E11<Q12/K12^2),1,0) | BN12: =IF(AND('Brackets - prob'!F11>L12-0.5,'Brackets - freq'!F11/'Brackets - prob'!F11<R12/L12^2),1,0) | BO12: =IF(AND('Brackets - prob'!G11>M12-0.5,'Brackets - freq'!G11/'Brackets - prob'!G11<S12/M12^2),1,0)
A13: LSU | B13: =SUMPRODUCT('Brackets - prob'!B12:B13,'Brackets - freq'!B12:B13) | C13: =C12 | D13: =D12 | E13: =E12 | F13: =F12 | G13: =G12 | H13: =MAX('Brackets - prob'!B12:B13) | I13: =I12 | J13: =J12 | K13: =K12 | L13: =L12 | M13: =M12 | N13: =AVERAGEIF('Brackets - prob'!B12:B13,"="&H13,'Brackets - freq'!B12:B13)*H13 | O13: =O12 | P13: =P12 | Q13: =Q12 | R13: =R12 | S13: =S12 | T13: =Bracket!E$2*('Brackets - prob'!B12-H13) | U13: =Bracket!F$2*('Brackets - prob'!C12-I13) | V13: =Bracket!G$2*('Brackets - prob'!D12-J13) | W13: =Bracket!H$2*('Brackets - prob'!E12-K13) | X13: =Bracket!I$2*('Brackets - prob'!F12-L13) | Y13: =Bracket!J$2*('Brackets - prob'!G12-M13) | Z13: =SUM(T13:$T13) | AA13: =SUM($T13:U13) | AB13: =SUM($T13:V13) | AC13: =SUM($T13:W13) | AD13: =SUM($T13:X13) | AE13: =SUM($T13:Y13) | AF13: ='Brackets - prob'!B12*(1-'Brackets - prob'!B12-2*'Brackets - freq'!B12+2*B13)+B13-B13^2 | AG13: ='Brackets - prob'!C12*(1-'Brackets - prob'!C12-2*'Brackets - freq'!C12+2*C13)+C13-C13^2 | AH13: ='Brackets - prob'!D12*(1-'Brackets - prob'!D12-2*'Brackets - freq'!D12+2*D13)+D13-D13^2 | AI13: ='Brackets - prob'!E12*(1-'Brackets - prob'!E12-2*'Brackets - freq'!E12+2*E13)+E13-E13^2 | AJ13: ='Brackets - prob'!F12*(1-'Brackets - prob'!F12-2*'Brackets - freq'!F12+2*F13)+F13-F13^2 | AK13: ='Brackets - prob'!G12*(1-'Brackets - prob'!G12-2*'Brackets - freq'!G12+2*G13)+G13-G13^2 | AL13: =Bracket!E$2^2*(('Brackets - prob'!B12-H13)*(1+2*B13)-'Brackets - prob'!B12^2+H13^2-2*('Brackets - prob'!B12*'Brackets - freq'!B12-N13)) | AM13: =Bracket!F$2^2*(('Brackets - prob'!C12-I13)*(1+2*C13)-'Brackets - prob'!C12^2+I13^2-2*('Brackets - prob'!C12*'Brackets - freq'!C12-O13)) | AN13: =Bracket!G$2^2*(('Brackets - prob'!D12-J13)*(1+2*D13)-'Brackets - prob'!D12^2+J13^2-2*('Brackets - prob'!D12*'Brackets - freq'!D12-P13)) | AO13: =Bracket!H$2^2*(('Brackets - prob'!E12-K13)*(1+2*E13)-'Brackets - prob'!E12^2+K13^2-2*('Brackets - prob'!E12*'Brackets - freq'!E12-Q13)) | AP13: =Bracket!I$2^2*(('Brackets - prob'!F12-L13)*(1+2*F13)-'Brackets - prob'!F12^2+L13^2-2*('Brackets - prob'!F12*'Brackets - freq'!F12-R13)) | AQ13: =Bracket!J$2^2*(('Brackets - prob'!G12-M13)*(1+2*G13)-'Brackets - prob'!G12^2+M13^2-2*('Brackets - prob'!G12*'Brackets - freq'!G12-S13)) | AR13: =SUM($AL13:AL13) | AS13: =SUM($AL13:AM13) | AT13: =SUM($AL13:AN13) | AU13: =SUM($AL13:AO13) | AV13: =SUM($AL13:AP13) | AW13: =SUM($AL13:AQ13) | AX13: =IF(Z13=0,0,AR13/Z13) | AY13: =IF(AA13=0,0,AS13/AA13) | AZ13: =IF(AB13=0,0,AT13/AB13) | BA13: =IF(AC13=0,0,AU13/AC13) | BB13: =IF(AD13=0,0,AV13/AD13) | BC13: =IF(AE13=0,0,AW13/AE13) | BD13: =IF(OR(AX13=0,AX13<=-1),1,0) | BE13: =IF(OR(AY13=0,AY13<=-1),1,0) | BF13: =IF(OR(AZ13=0,AZ13<=-1),1,0) | BG13: =IF(OR(BA13=0,BA13<=-1),1,0) | BH13: =IF(OR(BB13=0,BB13<=-1),1,0) | BI13: =IF(OR(BC13=0,BC13<=-1),1,0) | BJ13: =IF(AND('Brackets - prob'!B12>H13-0.5,'Brackets - freq'!B12/'Brackets - prob'!B12<N13/H13^2),1,0) | BK13: =IF(AND('Brackets - prob'!C12>I13-0.5,'Brackets - freq'!C12/'Brackets - prob'!C12<O13/I13^2),1,0) | BL13: =IF(AND('Brackets - prob'!D12>J13-0.5,'Brackets - freq'!D12/'Brackets - prob'!D12<P13/J13^2),1,0) | BM13: =IF(AND('Brackets - prob'!E12>K13-0.5,'Brackets - freq'!E12/'Brackets - prob'!E12<Q13/K13^2),1,0) | BN13: =IF(AND('Brackets - prob'!F12>L13-0.5,'Brackets - freq'!F12/'Brackets - prob'!F12<R13/L13^2),1,0) | BO13: =IF(AND('Brackets - prob'!G12>M13-0.5,'Brackets - freq'!G12/'Brackets - prob'!G12<S13/M13^2),1,0)
A14: Yale | B14: =B13 | C14: =C13 | D14: =D13 | E14: =E13 | F14: =F13 | G14: =G13 | H14: =H13 | I14: =I13 | ... S14: =S13 | T14: =Bracket!E$2*('Brackets - prob'!B13-H14) | U14: =Bracket!F$2*('Brackets - prob'!C13-I14) | V14: =Bracket!G$2*('Brackets - prob'!D13-J14) | W14: =Bracket!H$2*('Brackets - prob'!E13-K14) | X14: =Bracket!I$2*('Brackets - prob'!F13-L14) | Y14: =Bracket!J$2*('Brackets - prob'!G13-M14) | Z14: =SUM(T14:$T14) | AA14: =SUM($T14:U14) | AB14: =SUM($T14:V14) | AC14: =SUM($T14:W14) | AD14: =SUM($T14:X14) | AE14: =SUM($T14:Y14) | AF14: ='Brackets - prob'!B13*(1-'Brackets - prob'!B13-2*'Brackets - freq'!B13+2*B14)+B14-B14^2 | AG14: ='Brackets - prob'!C13*(1-'Brackets - prob'!C13-2*'Brackets - freq'!C13+2*C14)+C14-C14^2 | AH14: ='Brackets - prob'!D13*(1-'Brackets - prob'!D13-2*'Brackets - freq'!D13+2*D14)+D14-D14^2 | AI14: ='Brackets - prob'!E13*(1-'Brackets - prob'!E13-2*'Brackets - freq'!E13+2*E14)+E14-E14^2 | AJ14: ='Brackets - prob'!F13*(1-'Brackets - prob'!F13-2*'Brackets - freq'!F13+2*F14)+F14-F14^2 | AK14: ='Brackets - prob'!G13*(1-'Brackets - prob'!G13-2*'Brackets - freq'!G13+2*G14)+G14-G14^2 | AL14: =Bracket!E$2^2*(('Brackets - prob'!B13-H14)*(1+2*B14)-'Brackets - prob'!B13^2+H14^2-2*('Brackets - prob'!B13*'Brackets - freq'!B13-N14)) | AM14: =Bracket!F$2^2*(('Brackets - prob'!C13-I14)*(1+2*C14)-'Brackets - prob'!C13^2+I14^2-2*('Brackets - prob'!C13*'Brackets - freq'!C13-O14)) | AN14: =Bracket!G$2^2*(('Brackets - prob'!D13-J14)*(1+2*D14)-'Brackets - prob'!D13^2+J14^2-2*('Brackets - prob'!D13*'Brackets - freq'!D13-P14)) | AO14: =Bracket!H$2^2*(('Brackets - prob'!E13-K14)*(1+2*E14)-'Brackets - prob'!E13^2+K14^2-2*('Brackets - prob'!E13*'Brackets - freq'!E13-Q14)) | AP14: =Bracket!I$2^2*(('Brackets - prob'!F13-L14)*(1+2*F14)-'Brackets - prob'!F13^2+L14^2-2*('Brackets - prob'!F13*'Brackets - freq'!F13-R14)) | AQ14: =Bracket!J$2^2*(('Brackets - prob'!G13-M14)*(1+2*G14)-'Brackets - prob'!G13^2+M14^2-2*('Brackets - prob'!G13*'Brackets - freq'!G13-S14)) | AR14: =SUM($AL14:AL14) | AS14: =SUM($AL14:AM14) | AT14: =SUM($AL14:AN14) | AU14: =SUM($AL14:AO14) | AV14: =SUM($AL14:AP14) | AW14: =SUM($AL14:AQ14) | AX14: =IF(Z14=0,0,AR14/Z14) | AY14: =IF(AA14=0,0,AS14/AA14) | AZ14: =IF(AB14=0,0,AT14/AB14) | BA14: =IF(AC14=0,0,AU14/AC14) | BB14: =IF(AD14=0,0,AV14/AD14) | BC14: =IF(AE14=0,0,AW14/AE14) | BD14: =IF(OR(AX14=0,AX14<=-1),1,0) | BE14: =IF(OR(AY14=0,AY14<=-1),1,0) | BF14: =IF(OR(AZ14=0,AZ14<=-1),1,0) | BG14: =IF(OR(BA14=0,BA14<=-1),1,0) | BH14: =IF(OR(BB14=0,BB14<=-1),1,0) | BI14: =IF(OR(BC14=0,BC14<=-1),1,0) | BJ14: =IF(AND('Brackets - prob'!B13>H14-0.5,'Brackets - freq'!B13/'Brackets - prob'!B13<N14/H14^2),1,0) | BK14: =IF(AND('Brackets - prob'!C13>I14-0.5,'Brackets - freq'!C13/'Brackets - prob'!C13<O14/I14^2),1,0) | BL14: =IF(AND('Brackets - prob'!D13>J14-0.5,'Brackets - freq'!D13/'Brackets - prob'!D13<P14/J14^2),1,0) | BM14: =IF(AND('Brackets - prob'!E13>K14-0.5,'Brackets - freq'!E13/'Brackets - prob'!E13<Q14/K14^2),1,0) | BN14: =IF(AND('Brackets - prob'!F13>L14-0.5,'Brackets - freq'!F13/'Brackets - prob'!F13<R14/L14^2),1,0) | BO14: =IF(AND('Brackets - prob'!G13>M14-0.5,'Brackets - freq'!G13/'Brackets - prob'!G13<S14/M14^2),1,0)
A15: Louisville | B15: =SUMPRODUCT('Brackets - prob'!B14:B15,'Brackets - freq'!B14:B15) | C15: =SUMPRODUCT('Brackets - prob'!C14:C17,'Brackets - freq'!C14:C17) | D15: =D14 | E15: =E14 | F15: =F14 | G15: =G14 | H15: =MAX('Brackets - prob'!B14:B15) | I15: =MAX('Brackets - prob'!C14:C17) | J15: =J14 | K15: =K14 | L15: =L14 | M15: =M14 | N15: =AVERAGEIF('Brackets - prob'!B14:B15,"="&H15,'Brackets - freq'!B14:B15)*H15 | O15: =AVERAGEIF('Brackets - prob'!C14:C17,"="&I15,'Brackets - freq'!C14:C17)*I15 | P15: =P14 | Q15: =Q14 | R15: =R14 | S15: =S14 | T15: =Bracket!E$2*('Brackets - prob'!B14-H15) | U15: =Bracket!F$2*('Brackets - prob'!C14-I15) | V15: =Bracket!G$2*('Brackets - prob'!D14-J15) | W15: =Bracket!H$2*('Brackets - prob'!E14-K15) | X15: =Bracket!I$2*('Brackets - prob'!F14-L15) | Y15: =Bracket!J$2*('Brackets - prob'!G14-M15) | Z15: =SUM(T15:$T15) | AA15: =SUM($T15:U15) | AB15: =SUM($T15:V15) | AC15: =SUM($T15:W15) | AD15: =SUM($T15:X15) | AE15: =SUM($T15:Y15) | AF15: ='Brackets - prob'!B14*(1-'Brackets - prob'!B14-2*'Brackets - freq'!B14+2*B15)+B15-B15^2 | AG15: ='Brackets - prob'!C14*(1-'Brackets - prob'!C14-2*'Brackets - freq'!C14+2*C15)+C15-C15^2 | AH15: ='Brackets - prob'!D14*(1-'Brackets - prob'!D14-2*'Brackets - freq'!D14+2*D15)+D15-D15^2 | AI15: ='Brackets - prob'!E14*(1-'Brackets - prob'!E14-2*'Brackets - freq'!E14+2*E15)+E15-E15^2 | AJ15: ='Brackets - prob'!F14*(1-'Brackets - prob'!F14-2*'Brackets - freq'!F14+2*F15)+F15-F15^2 | AK15: ='Brackets - prob'!G14*(1-'Brackets - prob'!G14-2*'Brackets - freq'!G14+2*G15)+G15-G15^2 | AL15: =Bracket!E$2^2*(('Brackets - prob'!B14-H15)*(1+2*B15)-'Brackets - prob'!B14^2+H15^2-2*('Brackets - prob'!B14*'Brackets - freq'!B14-N15)) | AM15: =Bracket!F$2^2*(('Brackets - prob'!C14-I15)*(1+2*C15)-'Brackets - prob'!C14^2+I15^2-2*('Brackets - prob'!C14*'Brackets - freq'!C14-O15)) | AN15: =Bracket!G$2^2*(('Brackets - prob'!D14-J15)*(1+2*D15)-'Brackets - prob'!D14^2+J15^2-2*('Brackets - prob'!D14*'Brackets - freq'!D14-P15)) | AO15: =Bracket!H$2^2*(('Brackets - prob'!E14-K15)*(1+2*E15)-'Brackets - prob'!E14^2+K15^2-2*('Brackets - prob'!E14*'Brackets - freq'!E14-Q15)) | AP15: =Bracket!I$2^2*(('Brackets - prob'!F14-L15)*(1+2*F15)-'Brackets - prob'!F14^2+L15^2-2*('Brackets - prob'!F14*'Brackets - freq'!F14-R15)) | AQ15: =Bracket!J$2^2*(('Brackets - prob'!G14-M15)*(1+2*G15)-'Brackets - prob'!G14^2+M15^2-2*('Brackets - prob'!G14*'Brackets - freq'!G14-S15)) | AR15: =SUM($AL15:AL15) | AS15: =SUM($AL15:AM15) | AT15: =SUM($AL15:AN15) | AU15: =SUM($AL15:AO15) | AV15: =SUM($AL15:AP15) | AW15: =SUM($AL15:AQ15) | AX15: =IF(Z15=0,0,AR15/Z15) | AY15: =IF(AA15=0,0,AS15/AA15) | AZ15: =IF(AB15=0,0,AT15/AB15) | BA15: =IF(AC15=0,0,AU15/AC15) | BB15: =IF(AD15=0,0,AV15/AD15) | BC15: =IF(AE15=0,0,AW15/AE15) | BD15: =IF(OR(AX15=0,AX15<=-1),1,0) | BE15: =IF(OR(AY15=0,AY15<=-1),1,0) | BF15: =IF(OR(AZ15=0,AZ15<=-1),1,0) | BG15: =IF(OR(BA15=0,BA15<=-1),1,0) | BH15: =IF(OR(BB15=0,BB15<=-1),1,0) | BI15: =IF(OR(BC15=0,BC15<=-1),1,0) | BJ15: =IF(AND('Brackets - prob'!B14>H15-0.5,'Brackets - freq'!B14/'Brackets - prob'!B14<N15/H15^2),1,0) | BK15: =IF(AND('Brackets - prob'!C14>I15-0.5,'Brackets - freq'!C14/'Brackets - prob'!C14<O15/I15^2),1,0) | BL15: =IF(AND('Brackets - prob'!D14>J15-0.5,'Brackets - freq'!D14/'Brackets - prob'!D14<P15/J15^2),1,0) | BM15: =IF(AND('Brackets - prob'!E14>K15-0.5,'Brackets - freq'!E14/'Brackets - prob'!E14<Q15/K15^2),1,0) | BN15: =IF(AND('Brackets - prob'!F14>L15-0.5,'Brackets - freq'!F14/'Brackets - prob'!F14<R15/L15^2),1,0) | BO15: =IF(AND('Brackets - prob'!G14>M15-0.5,'Brackets - freq'!G14/'Brackets - prob'!G14<S15/M15^2),1,0)
A16: Minnesota | B16: =B15 | C16: =C15 | D16: =D15 | E16: =E15 | F16: =F15 | G16: =G15 | H16: =H15 | I16: =I15 | ... S16: =S15 | T16: =Bracket!E$2*('Brackets - prob'!B15-H16) | U16: =Bracket!F$2*('Brackets - prob'!C15-I16) | V16: =Bracket!G$2*('Brackets - prob'!D15-J16) | W16: =Bracket!H$2*('Brackets - prob'!E15-K16) | X16: =Bracket!I$2*('Brackets - prob'!F15-L16) | Y16: =Bracket!J$2*('Brackets - prob'!G15-M16) | Z16: =SUM(T16:$T16) | AA16: =SUM($T16:U16) | AB16: =SUM($T16:V16) | AC16: =SUM($T16:W16) | AD16: =SUM($T16:X16) | AE16: =SUM($T16:Y16) | AF16: ='Brackets - prob'!B15*(1-'Brackets - prob'!B15-2*'Brackets - freq'!B15+2*B16)+B16-B16^2 | AG16: ='Brackets - prob'!C15*(1-'Brackets - prob'!C15-2*'Brackets - freq'!C15+2*C16)+C16-C16^2 | AH16: ='Brackets - prob'!D15*(1-'Brackets - prob'!D15-2*'Brackets - freq'!D15+2*D16)+D16-D16^2 | AI16: ='Brackets - prob'!E15*(1-'Brackets - prob'!E15-2*'Brackets - freq'!E15+2*E16)+E16-E16^2 | AJ16: ='Brackets - prob'!F15*(1-'Brackets - prob'!F15-2*'Brackets - freq'!F15+2*F16)+F16-F16^2 | AK16: ='Brackets - prob'!G15*(1-'Brackets - prob'!G15-2*'Brackets - freq'!G15+2*G16)+G16-G16^2 | AL16: =Bracket!E$2^2*(('Brackets - prob'!B15-H16)*(1+2*B16)-'Brackets - prob'!B15^2+H16^2-2*('Brackets - prob'!B15*'Brackets - freq'!B15-N16)) | AM16: =Bracket!F$2^2*(('Brackets - prob'!C15-I16)*(1+2*C16)-'Brackets - prob'!C15^2+I16^2-2*('Brackets - prob'!C15*'Brackets - freq'!C15-O16)) | AN16: =Bracket!G$2^2*(('Brackets - prob'!D15-J16)*(1+2*D16)-'Brackets - prob'!D15^2+J16^2-2*('Brackets - prob'!D15*'Brackets - freq'!D15-P16)) | AO16: =Bracket!H$2^2*(('Brackets - prob'!E15-K16)*(1+2*E16)-'Brackets - prob'!E15^2+K16^2-2*('Brackets - prob'!E15*'Brackets - freq'!E15-Q16)) | AP16: =Bracket!I$2^2*(('Brackets - prob'!F15-L16)*(1+2*F16)-'Brackets - prob'!F15^2+L16^2-2*('Brackets - prob'!F15*'Brackets - freq'!F15-R16)) | AQ16: =Bracket!J$2^2*(('Brackets - prob'!G15-M16)*(1+2*G16)-'Brackets - prob'!G15^2+M16^2-2*('Brackets - prob'!G15*'Brackets - freq'!G15-S16)) | AR16: =SUM($AL16:AL16) | AS16: =SUM($AL16:AM16) | AT16: =SUM($AL16:AN16) | AU16: =SUM($AL16:AO16) | AV16: =SUM($AL16:AP16) | AW16: =SUM($AL16:AQ16) | AX16: =IF(Z16=0,0,AR16/Z16) | AY16: =IF(AA16=0,0,AS16/AA16) | AZ16: =IF(AB16=0,0,AT16/AB16) | BA16: =IF(AC16=0,0,AU16/AC16) | BB16: =IF(AD16=0,0,AV16/AD16) | BC16: =IF(AE16=0,0,AW16/AE16) | BD16: =IF(OR(AX16=0,AX16<=-1),1,0) | BE16: =IF(OR(AY16=0,AY16<=-1),1,0) | BF16: =IF(OR(AZ16=0,AZ16<=-1),1,0) | BG16: =IF(OR(BA16=0,BA16<=-1),1,0) | BH16: =IF(OR(BB16=0,BB16<=-1),1,0) | BI16: =IF(OR(BC16=0,BC16<=-1),1,0) | BJ16: =IF(AND('Brackets - prob'!B15>H16-0.5,'Brackets - freq'!B15/'Brackets - prob'!B15<N16/H16^2),1,0) | BK16: =IF(AND('Brackets - prob'!C15>I16-0.5,'Brackets - freq'!C15/'Brackets - prob'!C15<O16/I16^2),1,0) | BL16: =IF(AND('Brackets - prob'!D15>J16-0.5,'Brackets - freq'!D15/'Brackets - prob'!D15<P16/J16^2),1,0) | BM16: =IF(AND('Brackets - prob'!E15>K16-0.5,'Brackets - freq'!E15/'Brackets - prob'!E15<Q16/K16^2),1,0) | BN16: =IF(AND('Brackets - prob'!F15>L16-0.5,'Brackets - freq'!F15/'Brackets - prob'!F15<R16/L16^2),1,0) | BO16: =IF(AND('Brackets - prob'!G15>M16-0.5,'Brackets - freq'!G15/'Brackets - prob'!G15<S16/M16^2),1,0)
A17: Michigan State | B17: =SUMPRODUCT('Brackets - prob'!B16:B17,'Brackets - freq'!B16:B17) | C17: =C16 | D17: =D16 | E17: =E16 | F17: =F16 | G17: =G16 | H17: =MAX('Brackets - prob'!B16:B17) | I17: =I16 | J17: =J16 | K17: =K16 | L17: =L16 | M17: =M16 | N17: =AVERAGEIF('Brackets - prob'!B16:B17,"="&H17,'Brackets - freq'!B16:B17)*H17 | O17: =O16 | P17: =P16 | Q17: =Q16 | R17: =R16 | S17: =S16 | T17: =Bracket!E$2*('Brackets - prob'!B16-H17) | U17: =Bracket!F$2*('Brackets - prob'!C16-I17) | V17: =Bracket!G$2*('Brackets - prob'!D16-J17) | W17: =Bracket!H$2*('Brackets - prob'!E16-K17) | X17: =Bracket!I$2*('Brackets - prob'!F16-L17) | Y17: =Bracket!J$2*('Brackets - prob'!G16-M17) | Z17: =SUM(T17:$T17) | AA17: =SUM($T17:U17) | AB17: =SUM($T17:V17) | AC17: =SUM($T17:W17) | AD17: =SUM($T17:X17) | AE17: =SUM($T17:Y17) | AF17: ='Brackets - prob'!B16*(1-'Brackets - prob'!B16-2*'Brackets - freq'!B16+2*B17)+B17-B17^2 | AG17: ='Brackets - prob'!C16*(1-'Brackets - prob'!C16-2*'Brackets - freq'!C16+2*C17)+C17-C17^2 | AH17: ='Brackets - prob'!D16*(1-'Brackets - prob'!D16-2*'Brackets - freq'!D16+2*D17)+D17-D17^2 | AI17: ='Brackets - prob'!E16*(1-'Brackets - prob'!E16-2*'Brackets - freq'!E16+2*E17)+E17-E17^2 | AJ17: ='Brackets - prob'!F16*(1-'Brackets - prob'!F16-2*'Brackets - freq'!F16+2*F17)+F17-F17^2 | AK17: ='Brackets - prob'!G16*(1-'Brackets - prob'!G16-2*'Brackets - freq'!G16+2*G17)+G17-G17^2 | AL17: =Bracket!E$2^2*(('Brackets - prob'!B16-H17)*(1+2*B17)-'Brackets - prob'!B16^2+H17^2-2*('Brackets - prob'!B16*'Brackets - freq'!B16-N17)) | AM17: =Bracket!F$2^2*(('Brackets - prob'!C16-I17)*(1+2*C17)-'Brackets - prob'!C16^2+I17^2-2*('Brackets - prob'!C16*'Brackets - freq'!C16-O17)) | AN17: =Bracket!G$2^2*(('Brackets - prob'!D16-J17)*(1+2*D17)-'Brackets - prob'!D16^2+J17^2-2*('Brackets - prob'!D16*'Brackets - freq'!D16-P17)) | AO17: =Bracket!H$2^2*(('Brackets - prob'!E16-K17)*(1+2*E17)-'Brackets - prob'!E16^2+K17^2-2*('Brackets - prob'!E16*'Brackets - freq'!E16-Q17)) | AP17: =Bracket!I$2^2*(('Brackets - prob'!F16-L17)*(1+2*F17)-'Brackets - prob'!F16^2+L17^2-2*('Brackets - prob'!F16*'Brackets - freq'!F16-R17)) | AQ17: =Bracket!J$2^2*(('Brackets - prob'!G16-M17)*(1+2*G17)-'Brackets - prob'!G16^2+M17^2-2*('Brackets - prob'!G16*'Brackets - freq'!G16-S17)) | AR17: =SUM($AL17:AL17) | AS17: =SUM($AL17:AM17) | AT17: =SUM($AL17:AN17) | AU17: =SUM($AL17:AO17) | AV17: =SUM($AL17:AP17) | AW17: =SUM($AL17:AQ17) | AX17: =IF(Z17=0,0,AR17/Z17) | AY17: =IF(AA17=0,0,AS17/AA17) | AZ17: =IF(AB17=0,0,AT17/AB17) | BA17: =IF(AC17=0,0,AU17/AC17) | BB17: =IF(AD17=0,0,AV17/AD17) | BC17: =IF(AE17=0,0,AW17/AE17) | BD17: =IF(OR(AX17=0,AX17<=-1),1,0) | BE17: =IF(OR(AY17=0,AY17<=-1),1,0) | BF17: =IF(OR(AZ17=0,AZ17<=-1),1,0) | BG17: =IF(OR(BA17=0,BA17<=-1),1,0) | BH17: =IF(OR(BB17=0,BB17<=-1),1,0) | BI17: =IF(OR(BC17=0,BC17<=-1),1,0) | BJ17: =IF(AND('Brackets - prob'!B16>H17-0.5,'Brackets - freq'!B16/'Brackets - prob'!B16<N17/H17^2),1,0) | BK17: =IF(AND('Brackets - prob'!C16>I17-0.5,'Brackets - freq'!C16/'Brackets - prob'!C16<O17/I17^2),1,0) | BL17: =IF(AND('Brackets - prob'!D16>J17-0.5,'Brackets - freq'!D16/'Brackets - prob'!D16<P17/J17^2),1,0) | BM17: =IF(AND('Brackets - prob'!E16>K17-0.5,'Brackets - freq'!E16/'Brackets - prob'!E16<Q17/K17^2),1,0) | BN17: =IF(AND('Brackets - prob'!F16>L17-0.5,'Brackets - freq'!F16/'Brackets - prob'!F16<R17/L17^2),1,0) | BO17: =IF(AND('Brackets - prob'!G16>M17-0.5,'Brackets - freq'!G16/'Brackets - prob'!G16<S17/M17^2),1,0)
A18: Bradley | B18: =B17 | C18: =C17 | D18: =D17 | E18: =E17 | F18: =F17 | G18: =G17 | H18: =H17 | I18: =I17 | ... S18: =S17 | T18: =Bracket!E$2*('Brackets - prob'!B17-H18) | U18: =Bracket!F$2*('Brackets - prob'!C17-I18) | V18: =Bracket!G$2*('Brackets - prob'!D17-J18) | W18: =Bracket!H$2*('Brackets - prob'!E17-K18) | X18: =Bracket!I$2*('Brackets - prob'!F17-L18) | Y18: =Bracket!J$2*('Brackets - prob'!G17-M18) | Z18: =SUM(T18:$T18) | AA18: =SUM($T18:U18) | AB18: =SUM($T18:V18) | AC18: =SUM($T18:W18) | AD18: =SUM($T18:X18) | AE18: =SUM($T18:Y18) | AF18: ='Brackets - prob'!B17*(1-'Brackets - prob'!B17-2*'Brackets - freq'!B17+2*B18)+B18-B18^2 | AG18: ='Brackets - prob'!C17*(1-'Brackets - prob'!C17-2*'Brackets - freq'!C17+2*C18)+C18-C18^2 | AH18: ='Brackets - prob'!D17*(1-'Brackets - prob'!D17-2*'Brackets - freq'!D17+2*D18)+D18-D18^2 | AI18: ='Brackets - prob'!E17*(1-'Brackets - prob'!E17-2*'Brackets - freq'!E17+2*E18)+E18-E18^2 | AJ18: ='Brackets - prob'!F17*(1-'Brackets - prob'!F17-2*'Brackets - freq'!F17+2*F18)+F18-F18^2 | AK18: ='Brackets - prob'!G17*(1-'Brackets - prob'!G17-2*'Brackets - freq'!G17+2*G18)+G18-G18^2 | AL18: =Bracket!E$2^2*(('Brackets - prob'!B17-H18)*(1+2*B18)-'Brackets - prob'!B17^2+H18^2-2*('Brackets - prob'!B17*'Brackets - freq'!B17-N18)) | AM18: =Bracket!F$2^2*(('Brackets - prob'!C17-I18)*(1+2*C18)-'Brackets - prob'!C17^2+I18^2-2*('Brackets - prob'!C17*'Brackets - freq'!C17-O18)) | AN18: =Bracket!G$2^2*(('Brackets - prob'!D17-J18)*(1+2*D18)-'Brackets - prob'!D17^2+J18^2-2*('Brackets - prob'!D17*'Brackets - freq'!D17-P18)) | AO18: =Bracket!H$2^2*(('Brackets - prob'!E17-K18)*(1+2*E18)-'Brackets - prob'!E17^2+K18^2-2*('Brackets - prob'!E17*'Brackets - freq'!E17-Q18)) | AP18: =Bracket!I$2^2*(('Brackets - prob'!F17-L18)*(1+2*F18)-'Brackets - prob'!F17^2+L18^2-2*('Brackets - prob'!F17*'Brackets - freq'!F17-R18)) | AQ18: =Bracket!J$2^2*(('Brackets - prob'!G17-M18)*(1+2*G18)-'Brackets - prob'!G17^2+M18^2-2*('Brackets - prob'!G17*'Brackets - freq'!G17-S18)) | AR18: =SUM($AL18:AL18) | AS18: =SUM($AL18:AM18) | AT18: =SUM($AL18:AN18) | AU18: =SUM($AL18:AO18) | AV18: =SUM($AL18:AP18) | AW18: =SUM($AL18:AQ18) | AX18: =IF(Z18=0,0,AR18/Z18) | AY18: =IF(AA18=0,0,AS18/AA18) | AZ18: =IF(AB18=0,0,AT18/AB18) | BA18: =IF(AC18=0,0,AU18/AC18) | BB18: =IF(AD18=0,0,AV18/AD18) | BC18: =IF(AE18=0,0,AW18/AE18) | BD18: =IF(OR(AX18=0,AX18<=-1),1,0) | BE18: =IF(OR(AY18=0,AY18<=-1),1,0) | BF18: =IF(OR(AZ18=0,AZ18<=-1),1,0) | BG18: =IF(OR(BA18=0,BA18<=-1),1,0) | BH18: =IF(OR(BB18=0,BB18<=-1),1,0) | BI18: =IF(OR(BC18=0,BC18<=-1),1,0) | BJ18: =IF(AND('Brackets - prob'!B17>H18-0.5,'Brackets - freq'!B17/'Brackets - prob'!B17<N18/H18^2),1,0) | BK18: =IF(AND('Brackets - prob'!C17>I18-0.5,'Brackets - freq'!C17/'Brackets - prob'!C17<O18/I18^2),1,0) | BL18: =IF(AND('Brackets - prob'!D17>J18-0.5,'Brackets - freq'!D17/'Brackets - prob'!D17<P18/J18^2),1,0) | BM18: =IF(AND('Brackets - prob'!E17>K18-0.5,'Brackets - freq'!E17/'Brackets - prob'!E17<Q18/K18^2),1,0) | BN18: =IF(AND('Brackets - prob'!F17>L18-0.5,'Brackets - freq'!F17/'Brackets - prob'!F17<R18/L18^2),1,0) | BO18: =IF(AND('Brackets - prob'!G17>M18-0.5,'Brackets - freq'!G17/'Brackets - prob'!G17<S18/M18^2),1,0)
A19: Gonzaga | B19: =SUMPRODUCT('Brackets - prob'!B18:B19,'Brackets - freq'!B18:B19) | C19: =SUMPRODUCT('Brackets - prob'!C18:C21,'Brackets - freq'!C18:C21) | D19: =SUMPRODUCT('Brackets - prob'!D18:D25,'Brackets - freq'!D18:D25) | E19: =SUMPRODUCT('Brackets - prob'!E18:E33,'Brackets - freq'!E18:E33) | F19: =F18 | G19: =G18 | H19: =MAX('Brackets - prob'!B18:B19) | I19: =MAX('Brackets - prob'!C18:C21) | J19: =MAX('Brackets - prob'!D18:D25) | K19: =MAX('Brackets - prob'!E18:E33) | L19: =L18 | M19: =M18 | N19: =AVERAGEIF('Brackets - prob'!B18:B19,"="&H19,'Brackets - freq'!B18:B19)*H19 | O19: =AVERAGEIF('Brackets - prob'!C18:C21,"="&I19,'Brackets - freq'!C18:C21)*I19 | P19: =AVERAGEIF('Brackets - prob'!D18:D25,"="&J19,'Brackets - freq'!D18:D25)*J19 | Q19: =AVERAGEIF('Brackets - prob'!E18:E33,"="&K19,'Brackets - freq'!E18:E33)*K19 | R19: =R18 | S19: =S18 | T19: =Bracket!E$2*('Brackets - prob'!B18-H19) | U19: =Bracket!F$2*('Brackets - prob'!C18-I19) | V19: =Bracket!G$2*('Brackets - prob'!D18-J19) | W19: =Bracket!H$2*('Brackets - prob'!E18-K19) | X19: =Bracket!I$2*('Brackets - prob'!F18-L19) | Y19: =Bracket!J$2*('Brackets - prob'!G18-M19) | Z19: =SUM(T19:$T19) | AA19: =SUM($T19:U19) | AB19: =SUM($T19:V19) | AC19: =SUM($T19:W19) | AD19: =SUM($T19:X19) | AE19: =SUM($T19:Y19) | AF19: ='Brackets - prob'!B18*(1-'Brackets - prob'!B18-2*'Brackets - freq'!B18+2*B19)+B19-B19^2 | AG19: ='Brackets - prob'!C18*(1-'Brackets - prob'!C18-2*'Brackets - freq'!C18+2*C19)+C19-C19^2 | AH19: ='Brackets - prob'!D18*(1-'Brackets - prob'!D18-2*'Brackets - freq'!D18+2*D19)+D19-D19^2 | AI19: ='Brackets - prob'!E18*(1-'Brackets - prob'!E18-2*'Brackets - freq'!E18+2*E19)+E19-E19^2 | AJ19: ='Brackets - prob'!F18*(1-'Brackets - prob'!F18-2*'Brackets - freq'!F18+2*F19)+F19-F19^2 | AK19: ='Brackets - prob'!G18*(1-'Brackets - prob'!G18-2*'Brackets - freq'!G18+2*G19)+G19-G19^2 | AL19: =Bracket!E$2^2*(('Brackets - prob'!B18-H19)*(1+2*B19)-'Brackets - prob'!B18^2+H19^2-2*('Brackets - prob'!B18*'Brackets - freq'!B18-N19)) | AM19: =Bracket!F$2^2*(('Brackets - prob'!C18-I19)*(1+2*C19)-'Brackets - prob'!C18^2+I19^2-2*('Brackets - prob'!C18*'Brackets - freq'!C18-O19)) | AN19: =Bracket!G$2^2*(('Brackets - prob'!D18-J19)*(1+2*D19)-'Brackets - prob'!D18^2+J19^2-2*('Brackets - prob'!D18*'Brackets - freq'!D18-P19)) | AO19: =Bracket!H$2^2*(('Brackets - prob'!E18-K19)*(1+2*E19)-'Brackets - prob'!E18^2+K19^2-2*('Brackets - prob'!E18*'Brackets - freq'!E18-Q19)) | AP19: =Bracket!I$2^2*(('Brackets - prob'!F18-L19)*(1+2*F19)-'Brackets - prob'!F18^2+L19^2-2*('Brackets - prob'!F18*'Brackets - freq'!F18-R19)) | AQ19: =Bracket!J$2^2*(('Brackets - prob'!G18-M19)*(1+2*G19)-'Brackets - prob'!G18^2+M19^2-2*('Brackets - prob'!G18*'Brackets - freq'!G18-S19)) | AR19: =SUM($AL19:AL19) | AS19: =SUM($AL19:AM19) | AT19: =SUM($AL19:AN19) | AU19: =SUM($AL19:AO19) | AV19: =SUM($AL19:AP19) | AW19: =SUM($AL19:AQ19) | AX19: =IF(Z19=0,0,AR19/Z19) | AY19: =IF(AA19=0,0,AS19/AA19) | AZ19: =IF(AB19=0,0,AT19/AB19) | BA19: =IF(AC19=0,0,AU19/AC19) | BB19: =IF(AD19=0,0,AV19/AD19) | BC19: =IF(AE19=0,0,AW19/AE19) | BD19: =IF(OR(AX19=0,AX19<=-1),1,0) | BE19: =IF(OR(AY19=0,AY19<=-1),1,0) | BF19: =IF(OR(AZ19=0,AZ19<=-1),1,0) | BG19: =IF(OR(BA19=0,BA19<=-1),1,0) | BH19: =IF(OR(BB19=0,BB19<=-1),1,0) | BI19: =IF(OR(BC19=0,BC19<=-1),1,0) | BJ19: =IF(AND('Brackets - prob'!B18>H19-0.5,'Brackets - freq'!B18/'Brackets - prob'!B18<N19/H19^2),1,0) | BK19: =IF(AND('Brackets - prob'!C18>I19-0.5,'Brackets - freq'!C18/'Brackets - prob'!C18<O19/I19^2),1,0) | BL19: =IF(AND('Brackets - prob'!D18>J19-0.5,'Brackets - freq'!D18/'Brackets - prob'!D18<P19/J19^2),1,0) | BM19: =IF(AND('Brackets - prob'!E18>K19-0.5,'Brackets - freq'!E18/'Brackets - prob'!E18<Q19/K19^2),1,0) | BN19: =IF(AND('Brackets - prob'!F18>L19-0.5,'Brackets - freq'!F18/'Brackets - prob'!F18<R19/L19^2),1,0) | BO19: =IF(AND('Brackets - prob'!G18>M19-0.5,'Brackets - freq'!G18/'Brackets - prob'!G18<S19/M19^2),1,0)
A20: FD/PV | B20: =B19 | C20: =C19 | D20: =D19 | E20: =E19 | F20: =F19 | G20: =G19 | H20: =H19 | I20: =I19 | ... S20: =S19 | T20: =Bracket!E$2*('Brackets - prob'!B19-H20) | U20: =Bracket!F$2*('Brackets - prob'!C19-I20) | V20: =Bracket!G$2*('Brackets - prob'!D19-J20) | W20: =Bracket!H$2*('Brackets - prob'!E19-K20) | X20: =Bracket!I$2*('Brackets - prob'!F19-L20) | Y20: =Bracket!J$2*('Brackets - prob'!G19-M20) | Z20: =SUM(T20:$T20) | AA20: =SUM($T20:U20) | AB20: =SUM($T20:V20) | AC20: =SUM($T20:W20) | AD20: =SUM($T20:X20) | AE20: =SUM($T20:Y20) | AF20: ='Brackets - prob'!B19*(1-'Brackets - prob'!B19-2*'Brackets - freq'!B19+2*B20)+B20-B20^2 | AG20: ='Brackets - prob'!C19*(1-'Brackets - prob'!C19-2*'Brackets - freq'!C19+2*C20)+C20-C20^2 | AH20: ='Brackets - prob'!D19*(1-'Brackets - prob'!D19-2*'Brackets - freq'!D19+2*D20)+D20-D20^2 | AI20: ='Brackets - prob'!E19*(1-'Brackets - prob'!E19-2*'Brackets - freq'!E19+2*E20)+E20-E20^2 | AJ20: ='Brackets - prob'!F19*(1-'Brackets - prob'!F19-2*'Brackets - freq'!F19+2*F20)+F20-F20^2 | AK20: ='Brackets - prob'!G19*(1-'Brackets - prob'!G19-2*'Brackets - freq'!G19+2*G20)+G20-G20^2 | AL20: =Bracket!E$2^2*(('Brackets - prob'!B19-H20)*(1+2*B20)-'Brackets - prob'!B19^2+H20^2-2*('Brackets - prob'!B19*'Brackets - freq'!B19-N20)) | AM20: =Bracket!F$2^2*(('Brackets - prob'!C19-I20)*(1+2*C20)-'Brackets - prob'!C19^2+I20^2-2*('Brackets - prob'!C19*'Brackets - freq'!C19-O20)) | AN20: =Bracket!G$2^2*(('Brackets - prob'!D19-J20)*(1+2*D20)-'Brackets - prob'!D19^2+J20^2-2*('Brackets - prob'!D19*'Brackets - freq'!D19-P20)) | AO20: =Bracket!H$2^2*(('Brackets - prob'!E19-K20)*(1+2*E20)-'Brackets - prob'!E19^2+K20^2-2*('Brackets - prob'!E19*'Brackets - freq'!E19-Q20)) | AP20: =Bracket!I$2^2*(('Brackets - prob'!F19-L20)*(1+2*F20)-'Brackets - prob'!F19^2+L20^2-2*('Brackets - prob'!F19*'Brackets - freq'!F19-R20)) | AQ20: =Bracket!J$2^2*(('Brackets - prob'!G19-M20)*(1+2*G20)-'Brackets - prob'!G19^2+M20^2-2*('Brackets - prob'!G19*'Brackets - freq'!G19-S20)) | AR20: =SUM($AL20:AL20) | AS20: =SUM($AL20:AM20) | AT20: =SUM($AL20:AN20) | AU20: =SUM($AL20:AO20) | AV20: =SUM($AL20:AP20) | AW20: =SUM($AL20:AQ20) | AX20: =IF(Z20=0,0,AR20/Z20) | AY20: =IF(AA20=0,0,AS20/AA20) | AZ20: =IF(AB20=0,0,AT20/AB20) | BA20: =IF(AC20=0,0,AU20/AC20) | BB20: =IF(AD20=0,0,AV20/AD20) | BC20: =IF(AE20=0,0,AW20/AE20) | BD20: =IF(OR(AX20=0,AX20<=-1),1,0) | BE20: =IF(OR(AY20=0,AY20<=-1),1,0) | BF20: =IF(OR(AZ20=0,AZ20<=-1),1,0) | BG20: =IF(OR(BA20=0,BA20<=-1),1,0) | BH20: =IF(OR(BB20=0,BB20<=-1),1,0) | BI20: =IF(OR(BC20=0,BC20<=-1),1,0) | BJ20: =IF(AND('Brackets - prob'!B19>H20-0.5,'Brackets - freq'!B19/'Brackets - prob'!B19<N20/H20^2),1,0) | BK20: =IF(AND('Brackets - prob'!C19>I20-0.5,'Brackets - freq'!C19/'Brackets - prob'!C19<O20/I20^2),1,0) | BL20: =IF(AND('Brackets - prob'!D19>J20-0.5,'Brackets - freq'!D19/'Brackets - prob'!D19<P20/J20^2),1,0) | BM20: =IF(AND('Brackets - prob'!E19>K20-0.5,'Brackets - freq'!E19/'Brackets - prob'!E19<Q20/K20^2),1,0) | BN20: =IF(AND('Brackets - prob'!F19>L20-0.5,'Brackets - freq'!F19/'Brackets - prob'!F19<R20/L20^2),1,0) | BO20: =IF(AND('Brackets - prob'!G19>M20-0.5,'Brackets - freq'!G19/'Brackets - prob'!G19<S20/M20^2),1,0)
A21: Syracuse | B21: =SUMPRODUCT('Brackets - prob'!B20:B21,'Brackets - freq'!B20:B21) | C21: =C20 | D21: =D20 | E21: =E20 | F21: =F20 | G21: =G20 | H21: =MAX('Brackets - prob'!B20:B21) | I21: =I20 | J21: =J20 | K21: =K20 | L21: =L20 | M21: =M20 | N21: =AVERAGEIF('Brackets - prob'!B20:B21,"="&H21,'Brackets - freq'!B20:B21)*H21 | O21: =O20 | P21: =P20 | Q21: =Q20 | R21: =R20 | S21: =S20 | T21: =Bracket!E$2*('Brackets - prob'!B20-H21) | U21: =Bracket!F$2*('Brackets - prob'!C20-I21) | V21: =Bracket!G$2*('Brackets - prob'!D20-J21) | W21: =Bracket!H$2*('Brackets - prob'!E20-K21) | X21: =Bracket!I$2*('Brackets - prob'!F20-L21) | Y21: =Bracket!J$2*('Brackets - prob'!G20-M21) | Z21: =SUM(T21:$T21) | AA21: =SUM($T21:U21) | AB21: =SUM($T21:V21) | AC21: =SUM($T21:W21) | AD21: =SUM($T21:X21) | AE21: =SUM($T21:Y21) | AF21: ='Brackets - prob'!B20*(1-'Brackets - prob'!B20-2*'Brackets - freq'!B20+2*B21)+B21-B21^2 | AG21: ='Brackets - prob'!C20*(1-'Brackets - prob'!C20-2*'Brackets - freq'!C20+2*C21)+C21-C21^2 | AH21: ='Brackets - prob'!D20*(1-'Brackets - prob'!D20-2*'Brackets - freq'!D20+2*D21)+D21-D21^2 | AI21: ='Brackets - prob'!E20*(1-'Brackets - prob'!E20-2*'Brackets - freq'!E20+2*E21)+E21-E21^2 | AJ21: ='Brackets - prob'!F20*(1-'Brackets - prob'!F20-2*'Brackets - freq'!F20+2*F21)+F21-F21^2 | AK21: ='Brackets - prob'!G20*(1-'Brackets - prob'!G20-2*'Brackets - freq'!G20+2*G21)+G21-G21^2 | AL21: =Bracket!E$2^2*(('Brackets - prob'!B20-H21)*(1+2*B21)-'Brackets - prob'!B20^2+H21^2-2*('Brackets - prob'!B20*'Brackets - freq'!B20-N21)) | AM21: =Bracket!F$2^2*(('Brackets - prob'!C20-I21)*(1+2*C21)-'Brackets - prob'!C20^2+I21^2-2*('Brackets - prob'!C20*'Brackets - freq'!C20-O21)) | AN21: =Bracket!G$2^2*(('Brackets - prob'!D20-J21)*(1+2*D21)-'Brackets - prob'!D20^2+J21^2-2*('Brackets - prob'!D20*'Brackets - freq'!D20-P21)) | AO21: =Bracket!H$2^2*(('Brackets - prob'!E20-K21)*(1+2*E21)-'Brackets - prob'!E20^2+K21^2-2*('Brackets - prob'!E20*'Brackets - freq'!E20-Q21)) | AP21: =Bracket!I$2^2*(('Brackets - prob'!F20-L21)*(1+2*F21)-'Brackets - prob'!F20^2+L21^2-2*('Brackets - prob'!F20*'Brackets - freq'!F20-R21)) | AQ21: =Bracket!J$2^2*(('Brackets - prob'!G20-M21)*(1+2*G21)-'Brackets - prob'!G20^2+M21^2-2*('Brackets - prob'!G20*'Brackets - freq'!G20-S21)) | AR21: =SUM($AL21:AL21) | AS21: =SUM($AL21:AM21) | AT21: =SUM($AL21:AN21) | AU21: =SUM($AL21:AO21) | AV21: =SUM($AL21:AP21) | AW21: =SUM($AL21:AQ21) | AX21: =IF(Z21=0,0,AR21/Z21) | AY21: =IF(AA21=0,0,AS21/AA21) | AZ21: =IF(AB21=0,0,AT21/AB21) | BA21: =IF(AC21=0,0,AU21/AC21) | BB21: =IF(AD21=0,0,AV21/AD21) | BC21: =IF(AE21=0,0,AW21/AE21) | BD21: =IF(OR(AX21=0,AX21<=-1),1,0) | BE21: =IF(OR(AY21=0,AY21<=-1),1,0) | BF21: =IF(OR(AZ21=0,AZ21<=-1),1,0) | BG21: =IF(OR(BA21=0,BA21<=-1),1,0) | BH21: =IF(OR(BB21=0,BB21<=-1),1,0) | BI21: =IF(OR(BC21=0,BC21<=-1),1,0) | BJ21: =IF(AND('Brackets - prob'!B20>H21-0.5,'Brackets - freq'!B20/'Brackets - prob'!B20<N21/H21^2),1,0) | BK21: =IF(AND('Brackets - prob'!C20>I21-0.5,'Brackets - freq'!C20/'Brackets - prob'!C20<O21/I21^2),1,0) | BL21: =IF(AND('Brackets - prob'!D20>J21-0.5,'Brackets - freq'!D20/'Brackets - prob'!D20<P21/J21^2),1,0) | BM21: =IF(AND('Brackets - prob'!E20>K21-0.5,'Brackets - freq'!E20/'Brackets - prob'!E20<Q21/K21^2),1,0) | BN21: =IF(AND('Brackets - prob'!F20>L21-0.5,'Brackets - freq'!F20/'Brackets - prob'!F20<R21/L21^2),1,0) | BO21: =IF(AND('Brackets - prob'!G20>M21-0.5,'Brackets - freq'!G20/'Brackets - prob'!G20<S21/M21^2),1,0)
A22: Baylor | B22: =B21 | C22: =C21 | D22: =D21 | E22: =E21 | F22: =F21 | G22: =G21 | H22: =H21 | I22: =I21 | ... S22: =S21 | T22: =Bracket!E$2*('Brackets - prob'!B21-H22) | U22: =Bracket!F$2*('Brackets - prob'!C21-I22) | V22: =Bracket!G$2*('Brackets - prob'!D21-J22) | W22: =Bracket!H$2*('Brackets - prob'!E21-K22) | X22: =Bracket!I$2*('Brackets - prob'!F21-L22) | Y22: =Bracket!J$2*('Brackets - prob'!G21-M22) | Z22: =SUM(T22:$T22) | AA22: =SUM($T22:U22) | AB22: =SUM($T22:V22) | AC22: =SUM($T22:W22) | AD22: =SUM($T22:X22) | AE22: =SUM($T22:Y22) | AF22: ='Brackets - prob'!B21*(1-'Brackets - prob'!B21-2*'Brackets - freq'!B21+2*B22)+B22-B22^2 | AG22: ='Brackets - prob'!C21*(1-'Brackets - prob'!C21-2*'Brackets - freq'!C21+2*C22)+C22-C22^2 | AH22: ='Brackets - prob'!D21*(1-'Brackets - prob'!D21-2*'Brackets - freq'!D21+2*D22)+D22-D22^2 | AI22: ='Brackets - prob'!E21*(1-'Brackets - prob'!E21-2*'Brackets - freq'!E21+2*E22)+E22-E22^2 | AJ22: ='Brackets - prob'!F21*(1-'Brackets - prob'!F21-2*'Brackets - freq'!F21+2*F22)+F22-F22^2 | AK22: ='Brackets - prob'!G21*(1-'Brackets - prob'!G21-2*'Brackets - freq'!G21+2*G22)+G22-G22^2 | AL22: =Bracket!E$2^2*(('Brackets - prob'!B21-H22)*(1+2*B22)-'Brackets - prob'!B21^2+H22^2-2*('Brackets - prob'!B21*'Brackets - freq'!B21-N22)) | AM22: =Bracket!F$2^2*(('Brackets - prob'!C21-I22)*(1+2*C22)-'Brackets - prob'!C21^2+I22^2-2*('Brackets - prob'!C21*'Brackets - freq'!C21-O22)) | AN22: =Bracket!G$2^2*(('Brackets - prob'!D21-J22)*(1+2*D22)-'Brackets - prob'!D21^2+J22^2-2*('Brackets - prob'!D21*'Brackets - freq'!D21-P22)) | AO22: =Bracket!H$2^2*(('Brackets - prob'!E21-K22)*(1+2*E22)-'Brackets - prob'!E21^2+K22^2-2*('Brackets - prob'!E21*'Brackets - freq'!E21-Q22)) | AP22: =Bracket!I$2^2*(('Brackets - prob'!F21-L22)*(1+2*F22)-'Brackets - prob'!F21^2+L22^2-2*('Brackets - prob'!F21*'Brackets - freq'!F21-R22)) | AQ22: =Bracket!J$2^2*(('Brackets - prob'!G21-M22)*(1+2*G22)-'Brackets - prob'!G21^2+M22^2-2*('Brackets - prob'!G21*'Brackets - freq'!G21-S22)) | AR22: =SUM($AL22:AL22) | AS22: =SUM($AL22:AM22) | AT22: =SUM($AL22:AN22) | AU22: =SUM($AL22:AO22) | AV22: =SUM($AL22:AP22) | AW22: =SUM($AL22:AQ22) | AX22: =IF(Z22=0,0,AR22/Z22) | AY22: =IF(AA22=0,0,AS22/AA22) | AZ22: =IF(AB22=0,0,AT22/AB22) | BA22: =IF(AC22=0,0,AU22/AC22) | BB22: =IF(AD22=0,0,AV22/AD22) | BC22: =IF(AE22=0,0,AW22/AE22) | BD22: =IF(OR(AX22=0,AX22<=-1),1,0) | BE22: =IF(OR(AY22=0,AY22<=-1),1,0) | BF22: =IF(OR(AZ22=0,AZ22<=-1),1,0) | BG22: =IF(OR(BA22=0,BA22<=-1),1,0) | BH22: =IF(OR(BB22=0,BB22<=-1),1,0) | BI22: =IF(OR(BC22=0,BC22<=-1),1,0) | BJ22: =IF(AND('Brackets - prob'!B21>H22-0.5,'Brackets - freq'!B21/'Brackets - prob'!B21<N22/H22^2),1,0) | BK22: =IF(AND('Brackets - prob'!C21>I22-0.5,'Brackets - freq'!C21/'Brackets - prob'!C21<O22/I22^2),1,0) | BL22: =IF(AND('Brackets - prob'!D21>J22-0.5,'Brackets - freq'!D21/'Brackets - prob'!D21<P22/J22^2),1,0) | BM22: =IF(AND('Brackets - prob'!E21>K22-0.5,'Brackets - freq'!E21/'Brackets - prob'!E21<Q22/K22^2),1,0) | BN22: =IF(AND('Brackets - prob'!F21>L22-0.5,'Brackets - freq'!F21/'Brackets - prob'!F21<R22/L22^2),1,0) | BO22: =IF(AND('Brackets - prob'!G21>M22-0.5,'Brackets - freq'!G21/'Brackets - prob'!G21<S22/M22^2),1,0)
A23: Marquette | B23: =SUMPRODUCT('Brackets - prob'!B22:B23,'Brackets - freq'!B22:B23) | C23: =SUMPRODUCT('Brackets - prob'!C22:C25,'Brackets - freq'!C22:C25) | D23: =D22 | E23: =E22 | F23: =F22 | G23: =G22 | H23: =MAX('Brackets - prob'!B22:B23) | I23: =MAX('Brackets - prob'!C22:C25) | J23: =J22 | K23: =K22 | L23: =L22 | M23: =M22 | N23: =AVERAGEIF('Brackets - prob'!B22:B23,"="&H23,'Brackets - freq'!B22:B23)*H23 | O23: =AVERAGEIF('Brackets - prob'!C22:C25,"="&I23,'Brackets - freq'!C22:C25)*I23 | P23: =P22 | Q23: =Q22 | R23: =R22 | S23: =S22 | T23: =Bracket!E$2*('Brackets - prob'!B22-H23) | U23: =Bracket!F$2*('Brackets - prob'!C22-I23) | V23: =Bracket!G$2*('Brackets - prob'!D22-J23) | W23: =Bracket!H$2*('Brackets - prob'!E22-K23) | X23: =Bracket!I$2*('Brackets - prob'!F22-L23) | Y23: =Bracket!J$2*('Brackets - prob'!G22-M23) | Z23: =SUM(T23:$T23) | AA23: =SUM($T23:U23) | AB23: =SUM($T23:V23) | AC23: =SUM($T23:W23) | AD23: =SUM($T23:X23) | AE23: =SUM($T23:Y23) | AF23: ='Brackets - prob'!B22*(1-'Brackets - prob'!B22-2*'Brackets - freq'!B22+2*B23)+B23-B23^2 | AG23: ='Brackets - prob'!C22*(1-'Brackets - prob'!C22-2*'Brackets - freq'!C22+2*C23)+C23-C23^2 | AH23: ='Brackets - prob'!D22*(1-'Brackets - prob'!D22-2*'Brackets - freq'!D22+2*D23)+D23-D23^2 | AI23: ='Brackets - prob'!E22*(1-'Brackets - prob'!E22-2*'Brackets - freq'!E22+2*E23)+E23-E23^2 | AJ23: ='Brackets - prob'!F22*(1-'Brackets - prob'!F22-2*'Brackets - freq'!F22+2*F23)+F23-F23^2 | AK23: ='Brackets - prob'!G22*(1-'Brackets - prob'!G22-2*'Brackets - freq'!G22+2*G23)+G23-G23^2 | AL23: =Bracket!E$2^2*(('Brackets - prob'!B22-H23)*(1+2*B23)-'Brackets - prob'!B22^2+H23^2-2*('Brackets - prob'!B22*'Brackets - freq'!B22-N23)) | AM23: =Bracket!F$2^2*(('Brackets - prob'!C22-I23)*(1+2*C23)-'Brackets - prob'!C22^2+I23^2-2*('Brackets - prob'!C22*'Brackets - freq'!C22-O23)) | AN23: =Bracket!G$2^2*(('Brackets - prob'!D22-J23)*(1+2*D23)-'Brackets - prob'!D22^2+J23^2-2*('Brackets - prob'!D22*'Brackets - freq'!D22-P23)) | AO23: =Bracket!H$2^2*(('Brackets - prob'!E22-K23)*(1+2*E23)-'Brackets - prob'!E22^2+K23^2-2*('Brackets - prob'!E22*'Brackets - freq'!E22-Q23)) | AP23: =Bracket!I$2^2*(('Brackets - prob'!F22-L23)*(1+2*F23)-'Brackets - prob'!F22^2+L23^2-2*('Brackets - prob'!F22*'Brackets - freq'!F22-R23)) | AQ23: =Bracket!J$2^2*(('Brackets - prob'!G22-M23)*(1+2*G23)-'Brackets - prob'!G22^2+M23^2-2*('Brackets - prob'!G22*'Brackets - freq'!G22-S23)) | AR23: =SUM($AL23:AL23) | AS23: =SUM($AL23:AM23) | AT23: =SUM($AL23:AN23) | AU23: =SUM($AL23:AO23) | AV23: =SUM($AL23:AP23) | AW23: =SUM($AL23:AQ23) | AX23: =IF(Z23=0,0,AR23/Z23) | AY23: =IF(AA23=0,0,AS23/AA23) | AZ23: =IF(AB23=0,0,AT23/AB23) | BA23: =IF(AC23=0,0,AU23/AC23) | BB23: =IF(AD23=0,0,AV23/AD23) | BC23: =IF(AE23=0,0,AW23/AE23) | BD23: =IF(OR(AX23=0,AX23<=-1),1,0) | BE23: =IF(OR(AY23=0,AY23<=-1),1,0) | BF23: =IF(OR(AZ23=0,AZ23<=-1),1,0) | BG23: =IF(OR(BA23=0,BA23<=-1),1,0) | BH23: =IF(OR(BB23=0,BB23<=-1),1,0) | BI23: =IF(OR(BC23=0,BC23<=-1),1,0) | BJ23: =IF(AND('Brackets - prob'!B22>H23-0.5,'Brackets - freq'!B22/'Brackets - prob'!B22<N23/H23^2),1,0) | BK23: =IF(AND('Brackets - prob'!C22>I23-0.5,'Brackets - freq'!C22/'Brackets - prob'!C22<O23/I23^2),1,0) | BL23: =IF(AND('Brackets - prob'!D22>J23-0.5,'Brackets - freq'!D22/'Brackets - prob'!D22<P23/J23^2),1,0) | BM23: =IF(AND('Brackets - prob'!E22>K23-0.5,'Brackets - freq'!E22/'Brackets - prob'!E22<Q23/K23^2),1,0) | BN23: =IF(AND('Brackets - prob'!F22>L23-0.5,'Brackets - freq'!F22/'Brackets - prob'!F22<R23/L23^2),1,0) | BO23: =IF(AND('Brackets - prob'!G22>M23-0.5,'Brackets - freq'!G22/'Brackets - prob'!G22<S23/M23^2),1,0)
A24: Murray State | B24: =B23 | C24: =C23 | D24: =D23 | E24: =E23 | F24: =F23 | G24: =G23 | H24: =H23 | I24: =I23 | ... S24: =S23 | T24: =Bracket!E$2*('Brackets - prob'!B23-H24) | U24: =Bracket!F$2*('Brackets - prob'!C23-I24) | V24: =Bracket!G$2*('Brackets - prob'!D23-J24) | W24: =Bracket!H$2*('Brackets - prob'!E23-K24) | X24: =Bracket!I$2*('Brackets - prob'!F23-L24) | Y24: =Bracket!J$2*('Brackets - prob'!G23-M24) | Z24: =SUM(T24:$T24) | AA24: =SUM($T24:U24) | AB24: =SUM($T24:V24) | AC24: =SUM($T24:W24) | AD24: =SUM($T24:X24) | AE24: =SUM($T24:Y24) | AF24: ='Brackets - prob'!B23*(1-'Brackets - prob'!B23-2*'Brackets - freq'!B23+2*B24)+B24-B24^2 | AG24: ='Brackets - prob'!C23*(1-'Brackets - prob'!C23-2*'Brackets - freq'!C23+2*C24)+C24-C24^2 | AH24: ='Brackets - prob'!D23*(1-'Brackets - prob'!D23-2*'Brackets - freq'!D23+2*D24)+D24-D24^2 | AI24: ='Brackets - prob'!E23*(1-'Brackets - prob'!E23-2*'Brackets - freq'!E23+2*E24)+E24-E24^2 | AJ24: ='Brackets - prob'!F23*(1-'Brackets - prob'!F23-2*'Brackets - freq'!F23+2*F24)+F24-F24^2 | AK24: ='Brackets - prob'!G23*(1-'Brackets - prob'!G23-2*'Brackets - freq'!G23+2*G24)+G24-G24^2 | AL24: =Bracket!E$2^2*(('Brackets - prob'!B23-H24)*(1+2*B24)-'Brackets - prob'!B23^2+H24^2-2*('Brackets - prob'!B23*'Brackets - freq'!B23-N24)) | AM24: =Bracket!F$2^2*(('Brackets - prob'!C23-I24)*(1+2*C24)-'Brackets - prob'!C23^2+I24^2-2*('Brackets - prob'!C23*'Brackets - freq'!C23-O24)) | AN24: =Bracket!G$2^2*(('Brackets - prob'!D23-J24)*(1+2*D24)-'Brackets - prob'!D23^2+J24^2-2*('Brackets - prob'!D23*'Brackets - freq'!D23-P24)) | AO24: =Bracket!H$2^2*(('Brackets - prob'!E23-K24)*(1+2*E24)-'Brackets - prob'!E23^2+K24^2-2*('Brackets - prob'!E23*'Brackets - freq'!E23-Q24)) | AP24: =Bracket!I$2^2*(('Brackets - prob'!F23-L24)*(1+2*F24)-'Brackets - prob'!F23^2+L24^2-2*('Brackets - prob'!F23*'Brackets - freq'!F23-R24)) | AQ24: =Bracket!J$2^2*(('Brackets - prob'!G23-M24)*(1+2*G24)-'Brackets - prob'!G23^2+M24^2-2*('Brackets - prob'!G23*'Brackets - freq'!G23-S24)) | AR24: =SUM($AL24:AL24) | AS24: =SUM($AL24:AM24) | AT24: =SUM($AL24:AN24) | AU24: =SUM($AL24:AO24) | AV24: =SUM($AL24:AP24) | AW24: =SUM($AL24:AQ24) | AX24: =IF(Z24=0,0,AR24/Z24) | AY24: =IF(AA24=0,0,AS24/AA24) | AZ24: =IF(AB24=0,0,AT24/AB24) | BA24: =IF(AC24=0,0,AU24/AC24) | BB24: =IF(AD24=0,0,AV24/AD24) | BC24: =IF(AE24=0,0,AW24/AE24) | BD24: =IF(OR(AX24=0,AX24<=-1),1,0) | BE24: =IF(OR(AY24=0,AY24<=-1),1,0) | BF24: =IF(OR(AZ24=0,AZ24<=-1),1,0) | BG24: =IF(OR(BA24=0,BA24<=-1),1,0) | BH24: =IF(OR(BB24=0,BB24<=-1),1,0) | BI24: =IF(OR(BC24=0,BC24<=-1),1,0) | BJ24: =IF(AND('Brackets - prob'!B23>H24-0.5,'Brackets - freq'!B23/'Brackets - prob'!B23<N24/H24^2),1,0) | BK24: =IF(AND('Brackets - prob'!C23>I24-0.5,'Brackets - freq'!C23/'Brackets - prob'!C23<O24/I24^2),1,0) | BL24: =IF(AND('Brackets - prob'!D23>J24-0.5,'Brackets - freq'!D23/'Brackets - prob'!D23<P24/J24^2),1,0) | BM24: =IF(AND('Brackets - prob'!E23>K24-0.5,'Brackets - freq'!E23/'Brackets - prob'!E23<Q24/K24^2),1,0) | BN24: =IF(AND('Brackets - prob'!F23>L24-0.5,'Brackets - freq'!F23/'Brackets - prob'!F23<R24/L24^2),1,0) | BO24: =IF(AND('Brackets - prob'!G23>M24-0.5,'Brackets - freq'!G23/'Brackets - prob'!G23<S24/M24^2),1,0)
A25: Florida State | B25: =SUMPRODUCT('Brackets - prob'!B24:B25,'Brackets - freq'!B24:B25) | C25: =C24 | D25: =D24 | E25: =E24 | F25: =F24 | G25: =G24 | H25: =MAX('Brackets - prob'!B24:B25) | I25: =I24 | J25: =J24 | K25: =K24 | L25: =L24 | M25: =M24 | N25: =AVERAGEIF('Brackets - prob'!B24:B25,"="&H25,'Brackets - freq'!B24:B25)*H25 | O25: =O24 | P25: =P24 | Q25: =Q24 | R25: =R24 | S25: =S24 | T25: =Bracket!E$2*('Brackets - prob'!B24-H25) | U25: =Bracket!F$2*('Brackets - prob'!C24-I25) | V25: =Bracket!G$2*('Brackets - prob'!D24-J25) | W25: =Bracket!H$2*('Brackets - prob'!E24-K25) | X25: =Bracket!I$2*('Brackets - prob'!F24-L25) | Y25: =Bracket!J$2*('Brackets - prob'!G24-M25) | Z25: =SUM(T25:$T25) | AA25: =SUM($T25:U25) | AB25: =SUM($T25:V25) | AC25: =SUM($T25:W25) | AD25: =SUM($T25:X25) | AE25: =SUM($T25:Y25) | AF25: ='Brackets - prob'!B24*(1-'Brackets - prob'!B24-2*'Brackets - freq'!B24+2*B25)+B25-B25^2 | AG25: ='Brackets - prob'!C24*(1-'Brackets - prob'!C24-2*'Brackets - freq'!C24+2*C25)+C25-C25^2 | AH25: ='Brackets - prob'!D24*(1-'Brackets - prob'!D24-2*'Brackets - freq'!D24+2*D25)+D25-D25^2 | AI25: ='Brackets - prob'!E24*(1-'Brackets - prob'!E24-2*'Brackets - freq'!E24+2*E25)+E25-E25^2 | AJ25: ='Brackets - prob'!F24*(1-'Brackets - prob'!F24-2*'Brackets - freq'!F24+2*F25)+F25-F25^2 | AK25: ='Brackets - prob'!G24*(1-'Brackets - prob'!G24-2*'Brackets - freq'!G24+2*G25)+G25-G25^2 | AL25: =Bracket!E$2^2*(('Brackets - prob'!B24-H25)*(1+2*B25)-'Brackets - prob'!B24^2+H25^2-2*('Brackets - prob'!B24*'Brackets - freq'!B24-N25)) | AM25: =Bracket!F$2^2*(('Brackets - prob'!C24-I25)*(1+2*C25)-'Brackets - prob'!C24^2+I25^2-2*('Brackets - prob'!C24*'Brackets - freq'!C24-O25)) | AN25: =Bracket!G$2^2*(('Brackets - prob'!D24-J25)*(1+2*D25)-'Brackets - prob'!D24^2+J25^2-2*('Brackets - prob'!D24*'Brackets - freq'!D24-P25)) | AO25: =Bracket!H$2^2*(('Brackets - prob'!E24-K25)*(1+2*E25)-'Brackets - prob'!E24^2+K25^2-2*('Brackets - prob'!E24*'Brackets - freq'!E24-Q25)) | AP25: =Bracket!I$2^2*(('Brackets - prob'!F24-L25)*(1+2*F25)-'Brackets - prob'!F24^2+L25^2-2*('Brackets - prob'!F24*'Brackets - freq'!F24-R25)) | AQ25: =Bracket!J$2^2*(('Brackets - prob'!G24-M25)*(1+2*G25)-'Brackets - prob'!G24^2+M25^2-2*('Brackets - prob'!G24*'Brackets - freq'!G24-S25)) | AR25: =SUM($AL25:AL25) | AS25: =SUM($AL25:AM25) | AT25: =SUM($AL25:AN25) | AU25: =SUM($AL25:AO25) | AV25: =SUM($AL25:AP25) | AW25: =SUM($AL25:AQ25) | AX25: =IF(Z25=0,0,AR25/Z25) | AY25: =IF(AA25=0,0,AS25/AA25) | AZ25: =IF(AB25=0,0,AT25/AB25) | BA25: =IF(AC25=0,0,AU25/AC25) | BB25: =IF(AD25=0,0,AV25/AD25) | BC25: =IF(AE25=0,0,AW25/AE25) | BD25: =IF(OR(AX25=0,AX25<=-1),1,0) | BE25: =IF(OR(AY25=0,AY25<=-1),1,0) | BF25: =IF(OR(AZ25=0,AZ25<=-1),1,0) | BG25: =IF(OR(BA25=0,BA25<=-1),1,0) | BH25: =IF(OR(BB25=0,BB25<=-1),1,0) | BI25: =IF(OR(BC25=0,BC25<=-1),1,0) | BJ25: =IF(AND('Brackets - prob'!B24>H25-0.5,'Brackets - freq'!B24/'Brackets - prob'!B24<N25/H25^2),1,0) | BK25: =IF(AND('Brackets - prob'!C24>I25-0.5,'Brackets - freq'!C24/'Brackets - prob'!C24<O25/I25^2),1,0) | BL25: =IF(AND('Brackets - prob'!D24>J25-0.5,'Brackets - freq'!D24/'Brackets - prob'!D24<P25/J25^2),1,0) | BM25: =IF(AND('Brackets - prob'!E24>K25-0.5,'Brackets - freq'!E24/'Brackets - prob'!E24<Q25/K25^2),1,0) | BN25: =IF(AND('Brackets - prob'!F24>L25-0.5,'Brackets - freq'!F24/'Brackets - prob'!F24<R25/L25^2),1,0) | BO25: =IF(AND('Brackets - prob'!G24>M25-0.5,'Brackets - freq'!G24/'Brackets - prob'!G24<S25/M25^2),1,0)
A26: Vermont | B26: =B25 | C26: =C25 | D26: =D25 | E26: =E25 | F26: =F25 | G26: =G25 | H26: =H25 | I26: =I25 | ... S26: =S25 | T26: =Bracket!E$2*('Brackets - prob'!B25-H26) | U26: =Bracket!F$2*('Brackets - prob'!C25-I26) | V26: =Bracket!G$2*('Brackets - prob'!D25-J26) | W26: =Bracket!H$2*('Brackets - prob'!E25-K26) | X26: =Bracket!I$2*('Brackets - prob'!F25-L26) | Y26: =Bracket!J$2*('Brackets - prob'!G25-M26) | Z26: =SUM(T26:$T26) | AA26: =SUM($T26:U26) | AB26: =SUM($T26:V26) | AC26: =SUM($T26:W26) | AD26: =SUM($T26:X26) | AE26: =SUM($T26:Y26) | AF26: ='Brackets - prob'!B25*(1-'Brackets - prob'!B25-2*'Brackets - freq'!B25+2*B26)+B26-B26^2 | AG26: ='Brackets - prob'!C25*(1-'Brackets - prob'!C25-2*'Brackets - freq'!C25+2*C26)+C26-C26^2 | AH26: ='Brackets - prob'!D25*(1-'Brackets - prob'!D25-2*'Brackets - freq'!D25+2*D26)+D26-D26^2 | AI26: ='Brackets - prob'!E25*(1-'Brackets - prob'!E25-2*'Brackets - freq'!E25+2*E26)+E26-E26^2 | AJ26: ='Brackets - prob'!F25*(1-'Brackets - prob'!F25-2*'Brackets - freq'!F25+2*F26)+F26-F26^2 | AK26: ='Brackets - prob'!G25*(1-'Brackets - prob'!G25-2*'Brackets - freq'!G25+2*G26)+G26-G26^2 | AL26: =Bracket!E$2^2*(('Brackets - prob'!B25-H26)*(1+2*B26)-'Brackets - prob'!B25^2+H26^2-2*('Brackets - prob'!B25*'Brackets - freq'!B25-N26)) | AM26: =Bracket!F$2^2*(('Brackets - prob'!C25-I26)*(1+2*C26)-'Brackets - prob'!C25^2+I26^2-2*('Brackets - prob'!C25*'Brackets - freq'!C25-O26)) | AN26: =Bracket!G$2^2*(('Brackets - prob'!D25-J26)*(1+2*D26)-'Brackets - prob'!D25^2+J26^2-2*('Brackets - prob'!D25*'Brackets - freq'!D25-P26)) | AO26: =Bracket!H$2^2*(('Brackets - prob'!E25-K26)*(1+2*E26)-'Brackets - prob'!E25^2+K26^2-2*('Brackets - prob'!E25*'Brackets - freq'!E25-Q26)) | AP26: =Bracket!I$2^2*(('Brackets - prob'!F25-L26)*(1+2*F26)-'Brackets - prob'!F25^2+L26^2-2*('Brackets - prob'!F25*'Brackets - freq'!F25-R26)) | AQ26: =Bracket!J$2^2*(('Brackets - prob'!G25-M26)*(1+2*G26)-'Brackets - prob'!G25^2+M26^2-2*('Brackets - prob'!G25*'Brackets - freq'!G25-S26)) | AR26: =SUM($AL26:AL26) | AS26: =SUM($AL26:AM26) | AT26: =SUM($AL26:AN26) | AU26: =SUM($AL26:AO26) | AV26: =SUM($AL26:AP26) | AW26: =SUM($AL26:AQ26) | AX26: =IF(Z26=0,0,AR26/Z26) | AY26: =IF(AA26=0,0,AS26/AA26) | AZ26: =IF(AB26=0,0,AT26/AB26) | BA26: =IF(AC26=0,0,AU26/AC26) | BB26: =IF(AD26=0,0,AV26/AD26) | BC26: =IF(AE26=0,0,AW26/AE26) | BD26: =IF(OR(AX26=0,AX26<=-1),1,0) | BE26: =IF(OR(AY26=0,AY26<=-1),1,0) | BF26: =IF(OR(AZ26=0,AZ26<=-1),1,0) | BG26: =IF(OR(BA26=0,BA26<=-1),1,0) | BH26: =IF(OR(BB26=0,BB26<=-1),1,0) | BI26: =IF(OR(BC26=0,BC26<=-1),1,0) | BJ26: =IF(AND('Brackets - prob'!B25>H26-0.5,'Brackets - freq'!B25/'Brackets - prob'!B25<N26/H26^2),1,0) | BK26: =IF(AND('Brackets - prob'!C25>I26-0.5,'Brackets - freq'!C25/'Brackets - prob'!C25<O26/I26^2),1,0) | BL26: =IF(AND('Brackets - prob'!D25>J26-0.5,'Brackets - freq'!D25/'Brackets - prob'!D25<P26/J26^2),1,0) | BM26: =IF(AND('Brackets - prob'!E25>K26-0.5,'Brackets - freq'!E25/'Brackets - prob'!E25<Q26/K26^2),1,0) | BN26: =IF(AND('Brackets - prob'!F25>L26-0.5,'Brackets - freq'!F25/'Brackets - prob'!F25<R26/L26^2),1,0) | BO26: =IF(AND('Brackets - prob'!G25>M26-0.5,'Brackets - freq'!G25/'Brackets - prob'!G25<S26/M26^2),1,0)
A27: Buffalo | B27: =SUMPRODUCT('Brackets - prob'!B26:B27,'Brackets - freq'!B26:B27) | C27: =SUMPRODUCT('Brackets - prob'!C26:C29,'Brackets - freq'!C26:C29) | D27: =SUMPRODUCT('Brackets - prob'!D26:D33,'Brackets - freq'!D26:D33) | E27: =E26 | F27: =F26 | G27: =G26 | H27: =MAX('Brackets - prob'!B26:B27) | I27: =MAX('Brackets - prob'!C26:C29) | J27: =MAX('Brackets - prob'!D26:D33) | K27: =K26 | L27: =L26 | M27: =M26 | N27: =AVERAGEIF('Brackets - prob'!B26:B27,"="&H27,'Brackets - freq'!B26:B27)*H27 | O27: =AVERAGEIF('Brackets - prob'!C26:C29,"="&I27,'Brackets - freq'!C26:C29)*I27 | P27: =AVERAGEIF('Brackets - prob'!D26:D33,"="&J27,'Brackets - freq'!D26:D33)*J27 | Q27: =Q26 | R27: =R26 | S27: =S26 | T27: =Bracket!E$2*('Brackets - prob'!B26-H27) | U27: =Bracket!F$2*('Brackets - prob'!C26-I27) | V27: =Bracket!G$2*('Brackets - prob'!D26-J27) | W27: =Bracket!H$2*('Brackets - prob'!E26-K27) | X27: =Bracket!I$2*('Brackets - prob'!F26-L27) | Y27: =Bracket!J$2*('Brackets - prob'!G26-M27) | Z27: =SUM(T27:$T27) | AA27: =SUM($T27:U27) | AB27: =SUM($T27:V27) | AC27: =SUM($T27:W27) | AD27: =SUM($T27:X27) | AE27: =SUM($T27:Y27) | AF27: ='Brackets - prob'!B26*(1-'Brackets - prob'!B26-2*'Brackets - freq'!B26+2*B27)+B27-B27^2 | AG27: ='Brackets - prob'!C26*(1-'Brackets - prob'!C26-2*'Brackets - freq'!C26+2*C27)+C27-C27^2 | AH27: ='Brackets - prob'!D26*(1-'Brackets - prob'!D26-2*'Brackets - freq'!D26+2*D27)+D27-D27^2 | AI27: ='Brackets - prob'!E26*(1-'Brackets - prob'!E26-2*'Brackets - freq'!E26+2*E27)+E27-E27^2 | AJ27: ='Brackets - prob'!F26*(1-'Brackets - prob'!F26-2*'Brackets - freq'!F26+2*F27)+F27-F27^2 | AK27: ='Brackets - prob'!G26*(1-'Brackets - prob'!G26-2*'Brackets - freq'!G26+2*G27)+G27-G27^2 | AL27: =Bracket!E$2^2*(('Brackets - prob'!B26-H27)*(1+2*B27)-'Brackets - prob'!B26^2+H27^2-2*('Brackets - prob'!B26*'Brackets - freq'!B26-N27)) | AM27: =Bracket!F$2^2*(('Brackets - prob'!C26-I27)*(1+2*C27)-'Brackets - prob'!C26^2+I27^2-2*('Brackets - prob'!C26*'Brackets - freq'!C26-O27)) | AN27: =Bracket!G$2^2*(('Brackets - prob'!D26-J27)*(1+2*D27)-'Brackets - prob'!D26^2+J27^2-2*('Brackets - prob'!D26*'Brackets - freq'!D26-P27)) | AO27: =Bracket!H$2^2*(('Brackets - prob'!E26-K27)*(1+2*E27)-'Brackets - prob'!E26^2+K27^2-2*('Brackets - prob'!E26*'Brackets - freq'!E26-Q27)) | AP27: =Bracket!I$2^2*(('Brackets - prob'!F26-L27)*(1+2*F27)-'Brackets - prob'!F26^2+L27^2-2*('Brackets - prob'!F26*'Brackets - freq'!F26-R27)) | AQ27: =Bracket!J$2^2*(('Brackets - prob'!G26-M27)*(1+2*G27)-'Brackets - prob'!G26^2+M27^2-2*('Brackets - prob'!G26*'Brackets - freq'!G26-S27)) | AR27: =SUM($AL27:AL27) | AS27: =SUM($AL27:AM27) | AT27: =SUM($AL27:AN27) | AU27: =SUM($AL27:AO27) | AV27: =SUM($AL27:AP27) | AW27: =SUM($AL27:AQ27) | AX27: =IF(Z27=0,0,AR27/Z27) | AY27: =IF(AA27=0,0,AS27/AA27) | AZ27: =IF(AB27=0,0,AT27/AB27) | BA27: =IF(AC27=0,0,AU27/AC27) | BB27: =IF(AD27=0,0,AV27/AD27) | BC27: =IF(AE27=0,0,AW27/AE27) | BD27: =IF(OR(AX27=0,AX27<=-1),1,0) | BE27: =IF(OR(AY27=0,AY27<=-1),1,0) | BF27: =IF(OR(AZ27=0,AZ27<=-1),1,0) | BG27: =IF(OR(BA27=0,BA27<=-1),1,0) | BH27: =IF(OR(BB27=0,BB27<=-1),1,0) | BI27: =IF(OR(BC27=0,BC27<=-1),1,0) | BJ27: =IF(AND('Brackets - prob'!B26>H27-0.5,'Brackets - freq'!B26/'Brackets - prob'!B26<N27/H27^2),1,0) | BK27: =IF(AND('Brackets - prob'!C26>I27-0.5,'Brackets - freq'!C26/'Brackets - prob'!C26<O27/I27^2),1,0) | BL27: =IF(AND('Brackets - prob'!D26>J27-0.5,'Brackets - freq'!D26/'Brackets - prob'!D26<P27/J27^2),1,0) | BM27: =IF(AND('Brackets - prob'!E26>K27-0.5,'Brackets - freq'!E26/'Brackets - prob'!E26<Q27/K27^2),1,0) | BN27: =IF(AND('Brackets - prob'!F26>L27-0.5,'Brackets - freq'!F26/'Brackets - prob'!F26<R27/L27^2),1,0) | BO27: =IF(AND('Brackets - prob'!G26>M27-0.5,'Brackets - freq'!G26/'Brackets - prob'!G26<S27/M27^2),1,0)
A28: AS/SJ | B28: =B27 | C28: =C27 | D28: =D27 | E28: =E27 | F28: =F27 | G28: =G27 | H28: =H27 | I28: =I27 | ... S28: =S27 | T28: =Bracket!E$2*('Brackets - prob'!B27-H28) | U28: =Bracket!F$2*('Brackets - prob'!C27-I28) | V28: =Bracket!G$2*('Brackets - prob'!D27-J28) | W28: =Bracket!H$2*('Brackets - prob'!E27-K28) | X28: =Bracket!I$2*('Brackets - prob'!F27-L28) | Y28: =Bracket!J$2*('Brackets - prob'!G27-M28) | Z28: =SUM(T28:$T28) | AA28: =SUM($T28:U28) | AB28: =SUM($T28:V28) | AC28: =SUM($T28:W28) | AD28: =SUM($T28:X28) | AE28: =SUM($T28:Y28) | AF28: ='Brackets - prob'!B27*(1-'Brackets - prob'!B27-2*'Brackets - freq'!B27+2*B28)+B28-B28^2 | AG28: ='Brackets - prob'!C27*(1-'Brackets - prob'!C27-2*'Brackets - freq'!C27+2*C28)+C28-C28^2 | AH28: ='Brackets - prob'!D27*(1-'Brackets - prob'!D27-2*'Brackets - freq'!D27+2*D28)+D28-D28^2 | AI28: ='Brackets - prob'!E27*(1-'Brackets - prob'!E27-2*'Brackets - freq'!E27+2*E28)+E28-E28^2 | AJ28: ='Brackets - prob'!F27*(1-'Brackets - prob'!F27-2*'Brackets - freq'!F27+2*F28)+F28-F28^2 | AK28: ='Brackets - prob'!G27*(1-'Brackets - prob'!G27-2*'Brackets - freq'!G27+2*G28)+G28-G28^2 | AL28: =Bracket!E$2^2*(('Brackets - prob'!B27-H28)*(1+2*B28)-'Brackets - prob'!B27^2+H28^2-2*('Brackets - prob'!B27*'Brackets - freq'!B27-N28)) | AM28: =Bracket!F$2^2*(('Brackets - prob'!C27-I28)*(1+2*C28)-'Brackets - prob'!C27^2+I28^2-2*('Brackets - prob'!C27*'Brackets - freq'!C27-O28)) | AN28: =Bracket!G$2^2*(('Brackets - prob'!D27-J28)*(1+2*D28)-'Brackets - prob'!D27^2+J28^2-2*('Brackets - prob'!D27*'Brackets - freq'!D27-P28)) | AO28: =Bracket!H$2^2*(('Brackets - prob'!E27-K28)*(1+2*E28)-'Brackets - prob'!E27^2+K28^2-2*('Brackets - prob'!E27*'Brackets - freq'!E27-Q28)) | AP28: =Bracket!I$2^2*(('Brackets - prob'!F27-L28)*(1+2*F28)-'Brackets - prob'!F27^2+L28^2-2*('Brackets - prob'!F27*'Brackets - freq'!F27-R28)) | AQ28: =Bracket!J$2^2*(('Brackets - prob'!G27-M28)*(1+2*G28)-'Brackets - prob'!G27^2+M28^2-2*('Brackets - prob'!G27*'Brackets - freq'!G27-S28)) | AR28: =SUM($AL28:AL28) | AS28: =SUM($AL28:AM28) | AT28: =SUM($AL28:AN28) | AU28: =SUM($AL28:AO28) | AV28: =SUM($AL28:AP28) | AW28: =SUM($AL28:AQ28) | AX28: =IF(Z28=0,0,AR28/Z28) | AY28: =IF(AA28=0,0,AS28/AA28) | AZ28: =IF(AB28=0,0,AT28/AB28) | BA28: =IF(AC28=0,0,AU28/AC28) | BB28: =IF(AD28=0,0,AV28/AD28) | BC28: =IF(AE28=0,0,AW28/AE28) | BD28: =IF(OR(AX28=0,AX28<=-1),1,0) | BE28: =IF(OR(AY28=0,AY28<=-1),1,0) | BF28: =IF(OR(AZ28=0,AZ28<=-1),1,0) | BG28: =IF(OR(BA28=0,BA28<=-1),1,0) | BH28: =IF(OR(BB28=0,BB28<=-1),1,0) | BI28: =IF(OR(BC28=0,BC28<=-1),1,0) | BJ28: =IF(AND('Brackets - prob'!B27>H28-0.5,'Brackets - freq'!B27/'Brackets - prob'!B27<N28/H28^2),1,0) | BK28: =IF(AND('Brackets - prob'!C27>I28-0.5,'Brackets - freq'!C27/'Brackets - prob'!C27<O28/I28^2),1,0) | BL28: =IF(AND('Brackets - prob'!D27>J28-0.5,'Brackets - freq'!D27/'Brackets - prob'!D27<P28/J28^2),1,0) | BM28: =IF(AND('Brackets - prob'!E27>K28-0.5,'Brackets - freq'!E27/'Brackets - prob'!E27<Q28/K28^2),1,0) | BN28: =IF(AND('Brackets - prob'!F27>L28-0.5,'Brackets - freq'!F27/'Brackets - prob'!F27<R28/L28^2),1,0) | BO28: =IF(AND('Brackets - prob'!G27>M28-0.5,'Brackets - freq'!G27/'Brackets - prob'!G27<S28/M28^2),1,0)
A29: Texas Tech | B29: =SUMPRODUCT('Brackets - prob'!B28:B29,'Brackets - freq'!B28:B29) | C29: =C28 | D29: =D28 | E29: =E28 | F29: =F28 | G29: =G28 | H29: =MAX('Brackets - prob'!B28:B29) | I29: =I28 | J29: =J28 | K29: =K28 | L29: =L28 | M29: =M28 | N29: =AVERAGEIF('Brackets - prob'!B28:B29,"="&H29,'Brackets - freq'!B28:B29)*H29 | O29: =O28 | P29: =P28 | Q29: =Q28 | R29: =R28 | S29: =S28 | T29: =Bracket!E$2*('Brackets - prob'!B28-H29) | U29: =Bracket!F$2*('Brackets - prob'!C28-I29) | V29: =Bracket!G$2*('Brackets - prob'!D28-J29) | W29: =Bracket!H$2*('Brackets - prob'!E28-K29) | X29: =Bracket!I$2*('Brackets - prob'!F28-L29) | Y29: =Bracket!J$2*('Brackets - prob'!G28-M29) | Z29: =SUM(T29:$T29) | AA29: =SUM($T29:U29) | AB29: =SUM($T29:V29) | AC29: =SUM($T29:W29) | AD29: =SUM($T29:X29) | AE29: =SUM($T29:Y29) | AF29: ='Brackets - prob'!B28*(1-'Brackets - prob'!B28-2*'Brackets - freq'!B28+2*B29)+B29-B29^2 | AG29: ='Brackets - prob'!C28*(1-'Brackets - prob'!C28-2*'Brackets - freq'!C28+2*C29)+C29-C29^2 | AH29: ='Brackets - prob'!D28*(1-'Brackets - prob'!D28-2*'Brackets - freq'!D28+2*D29)+D29-D29^2 | AI29: ='Brackets - prob'!E28*(1-'Brackets - prob'!E28-2*'Brackets - freq'!E28+2*E29)+E29-E29^2 | AJ29: ='Brackets - prob'!F28*(1-'Brackets - prob'!F28-2*'Brackets - freq'!F28+2*F29)+F29-F29^2 | AK29: ='Brackets - prob'!G28*(1-'Brackets - prob'!G28-2*'Brackets - freq'!G28+2*G29)+G29-G29^2 | AL29: =Bracket!E$2^2*(('Brackets - prob'!B28-H29)*(1+2*B29)-'Brackets - prob'!B28^2+H29^2-2*('Brackets - prob'!B28*'Brackets - freq'!B28-N29)) | AM29: =Bracket!F$2^2*(('Brackets - prob'!C28-I29)*(1+2*C29)-'Brackets - prob'!C28^2+I29^2-2*('Brackets - prob'!C28*'Brackets - freq'!C28-O29)) | AN29: =Bracket!G$2^2*(('Brackets - prob'!D28-J29)*(1+2*D29)-'Brackets - prob'!D28^2+J29^2-2*('Brackets - prob'!D28*'Brackets - freq'!D28-P29)) | AO29: =Bracket!H$2^2*(('Brackets - prob'!E28-K29)*(1+2*E29)-'Brackets - prob'!E28^2+K29^2-2*('Brackets - prob'!E28*'Brackets - freq'!E28-Q29)) | AP29: =Bracket!I$2^2*(('Brackets - prob'!F28-L29)*(1+2*F29)-'Brackets - prob'!F28^2+L29^2-2*('Brackets - prob'!F28*'Brackets - freq'!F28-R29)) | AQ29: =Bracket!J$2^2*(('Brackets - prob'!G28-M29)*(1+2*G29)-'Brackets - prob'!G28^2+M29^2-2*('Brackets - prob'!G28*'Brackets - freq'!G28-S29)) | AR29: =SUM($AL29:AL29) | AS29: =SUM($AL29:AM29) | AT29: =SUM($AL29:AN29) | AU29: =SUM($AL29:AO29) | AV29: =SUM($AL29:AP29) | AW29: =SUM($AL29:AQ29) | AX29: =IF(Z29=0,0,AR29/Z29) | AY29: =IF(AA29=0,0,AS29/AA29) | AZ29: =IF(AB29=0,0,AT29/AB29) | BA29: =IF(AC29=0,0,AU29/AC29) | BB29: =IF(AD29=0,0,AV29/AD29) | BC29: =IF(AE29=0,0,AW29/AE29) | BD29: =IF(OR(AX29=0,AX29<=-1),1,0) | BE29: =IF(OR(AY29=0,AY29<=-1),1,0) | BF29: =IF(OR(AZ29=0,AZ29<=-1),1,0) | BG29: =IF(OR(BA29=0,BA29<=-1),1,0) | BH29: =IF(OR(BB29=0,BB29<=-1),1,0) | BI29: =IF(OR(BC29=0,BC29<=-1),1,0) | BJ29: =IF(AND('Brackets - prob'!B28>H29-0.5,'Brackets - freq'!B28/'Brackets - prob'!B28<N29/H29^2),1,0) | BK29: =IF(AND('Brackets - prob'!C28>I29-0.5,'Brackets - freq'!C28/'Brackets - prob'!C28<O29/I29^2),1,0) | BL29: =IF(AND('Brackets - prob'!D28>J29-0.5,'Brackets - freq'!D28/'Brackets - prob'!D28<P29/J29^2),1,0) | BM29: =IF(AND('Brackets - prob'!E28>K29-0.5,'Brackets - freq'!E28/'Brackets - prob'!E28<Q29/K29^2),1,0) | BN29: =IF(AND('Brackets - prob'!F28>L29-0.5,'Brackets - freq'!F28/'Brackets - prob'!F28<R29/L29^2),1,0) | BO29: =IF(AND('Brackets - prob'!G28>M29-0.5,'Brackets - freq'!G28/'Brackets - prob'!G28<S29/M29^2),1,0)
A30: Northern Kentucky | B30: =B29 | C30: =C29 | D30: =D29 | E30: =E29 | F30: =F29 | G30: =G29 | H30: =H29 | I30: =I29 | ... S30: =S29 | T30: =Bracket!E$2*('Brackets - prob'!B29-H30) | U30: =Bracket!F$2*('Brackets - prob'!C29-I30) | V30: =Bracket!G$2*('Brackets - prob'!D29-J30) | W30: =Bracket!H$2*('Brackets - prob'!E29-K30) | X30: =Bracket!I$2*('Brackets - prob'!F29-L30) | Y30: =Bracket!J$2*('Brackets - prob'!G29-M30) | Z30: =SUM(T30:$T30) | AA30: =SUM($T30:U30) | AB30: =SUM($T30:V30) | AC30: =SUM($T30:W30) | AD30: =SUM($T30:X30) | AE30: =SUM($T30:Y30) | AF30: ='Brackets - prob'!B29*(1-'Brackets - prob'!B29-2*'Brackets - freq'!B29+2*B30)+B30-B30^2 | AG30: ='Brackets - prob'!C29*(1-'Brackets - prob'!C29-2*'Brackets - freq'!C29+2*C30)+C30-C30^2 | AH30: ='Brackets - prob'!D29*(1-'Brackets - prob'!D29-2*'Brackets - freq'!D29+2*D30)+D30-D30^2 | AI30: ='Brackets - prob'!E29*(1-'Brackets - prob'!E29-2*'Brackets - freq'!E29+2*E30)+E30-E30^2 | AJ30: ='Brackets - prob'!F29*(1-'Brackets - prob'!F29-2*'Brackets - freq'!F29+2*F30)+F30-F30^2 | AK30: ='Brackets - prob'!G29*(1-'Brackets - prob'!G29-2*'Brackets - freq'!G29+2*G30)+G30-G30^2 | AL30: =Bracket!E$2^2*(('Brackets - prob'!B29-H30)*(1+2*B30)-'Brackets - prob'!B29^2+H30^2-2*('Brackets - prob'!B29*'Brackets - freq'!B29-N30)) | AM30: =Bracket!F$2^2*(('Brackets - prob'!C29-I30)*(1+2*C30)-'Brackets - prob'!C29^2+I30^2-2*('Brackets - prob'!C29*'Brackets - freq'!C29-O30)) | AN30: =Bracket!G$2^2*(('Brackets - prob'!D29-J30)*(1+2*D30)-'Brackets - prob'!D29^2+J30^2-2*('Brackets - prob'!D29*'Brackets - freq'!D29-P30)) | AO30: =Bracket!H$2^2*(('Brackets - prob'!E29-K30)*(1+2*E30)-'Brackets - prob'!E29^2+K30^2-2*('Brackets - prob'!E29*'Brackets - freq'!E29-Q30)) | AP30: =Bracket!I$2^2*(('Brackets - prob'!F29-L30)*(1+2*F30)-'Brackets - prob'!F29^2+L30^2-2*('Brackets - prob'!F29*'Brackets - freq'!F29-R30)) | AQ30: =Bracket!J$2^2*(('Brackets - prob'!G29-M30)*(1+2*G30)-'Brackets - prob'!G29^2+M30^2-2*('Brackets - prob'!G29*'Brackets - freq'!G29-S30)) | AR30: =SUM($AL30:AL30) | AS30: =SUM($AL30:AM30) | AT30: =SUM($AL30:AN30) | AU30: =SUM($AL30:AO30) | AV30: =SUM($AL30:AP30) | AW30: =SUM($AL30:AQ30) | AX30: =IF(Z30=0,0,AR30/Z30) | AY30: =IF(AA30=0,0,AS30/AA30) | AZ30: =IF(AB30=0,0,AT30/AB30) | BA30: =IF(AC30=0,0,AU30/AC30) | BB30: =IF(AD30=0,0,AV30/AD30) | BC30: =IF(AE30=0,0,AW30/AE30) | BD30: =IF(OR(AX30=0,AX30<=-1),1,0) | BE30: =IF(OR(AY30=0,AY30<=-1),1,0) | BF30: =IF(OR(AZ30=0,AZ30<=-1),1,0) | BG30: =IF(OR(BA30=0,BA30<=-1),1,0) | BH30: =IF(OR(BB30=0,BB30<=-1),1,0) | BI30: =IF(OR(BC30=0,BC30<=-1),1,0) | BJ30: =IF(AND('Brackets - prob'!B29>H30-0.5,'Brackets - freq'!B29/'Brackets - prob'!B29<N30/H30^2),1,0) | BK30: =IF(AND('Brackets - prob'!C29>I30-0.5,'Brackets - freq'!C29/'Brackets - prob'!C29<O30/I30^2),1,0) | BL30: =IF(AND('Brackets - prob'!D29>J30-0.5,'Brackets - freq'!D29/'Brackets - prob'!D29<P30/J30^2),1,0) | BM30: =IF(AND('Brackets - prob'!E29>K30-0.5,'Brackets - freq'!E29/'Brackets - prob'!E29<Q30/K30^2),1,0) | BN30: =IF(AND('Brackets - prob'!F29>L30-0.5,'Brackets - freq'!F29/'Brackets - prob'!F29<R30/L30^2),1,0) | BO30: =IF(AND('Brackets - prob'!G29>M30-0.5,'Brackets - freq'!G29/'Brackets - prob'!G29<S30/M30^2),1,0)
A31: Nevada | B31: =SUMPRODUCT('Brackets - prob'!B30:B31,'Brackets - freq'!B30:B31) | C31: =SUMPRODUCT('Brackets - prob'!C30:C33,'Brackets - freq'!C30:C33) | D31: =D30 | E31: =E30 | F31: =F30 | G31: =G30 | H31: =MAX('Brackets - prob'!B30:B31) | I31: =MAX('Brackets - prob'!C30:C33) | J31: =J30 | K31: =K30 | L31: =L30 | M31: =M30 | N31: =AVERAGEIF('Brackets - prob'!B30:B31,"="&H31,'Brackets - freq'!B30:B31)*H31 | O31: =AVERAGEIF('Brackets - prob'!C30:C33,"="&I31,'Brackets - freq'!C30:C33)*I31 | P31: =P30 | Q31: =Q30 | R31: =R30 | S31: =S30 | T31: =Bracket!E$2*('Brackets - prob'!B30-H31) | U31: =Bracket!F$2*('Brackets - prob'!C30-I31) | V31: =Bracket!G$2*('Brackets - prob'!D30-J31) | W31: =Bracket!H$2*('Brackets - prob'!E30-K31) | X31: =Bracket!I$2*('Brackets - prob'!F30-L31) | Y31: =Bracket!J$2*('Brackets - prob'!G30-M31) | Z31: =SUM(T31:$T31) | AA31: =SUM($T31:U31) | AB31: =SUM($T31:V31) | AC31: =SUM($T31:W31) | AD31: =SUM($T31:X31) | AE31: =SUM($T31:Y31) | AF31: ='Brackets - prob'!B30*(1-'Brackets - prob'!B30-2*'Brackets - freq'!B30+2*B31)+B31-B31^2 | AG31: ='Brackets - prob'!C30*(1-'Brackets - prob'!C30-2*'Brackets - freq'!C30+2*C31)+C31-C31^2 | AH31: ='Brackets - prob'!D30*(1-'Brackets - prob'!D30-2*'Brackets - freq'!D30+2*D31)+D31-D31^2 | AI31: ='Brackets - prob'!E30*(1-'Brackets - prob'!E30-2*'Brackets - freq'!E30+2*E31)+E31-E31^2 | AJ31: ='Brackets - prob'!F30*(1-'Brackets - prob'!F30-2*'Brackets - freq'!F30+2*F31)+F31-F31^2 | AK31: ='Brackets - prob'!G30*(1-'Brackets - prob'!G30-2*'Brackets - freq'!G30+2*G31)+G31-G31^2 | AL31: =Bracket!E$2^2*(('Brackets - prob'!B30-H31)*(1+2*B31)-'Brackets - prob'!B30^2+H31^2-2*('Brackets - prob'!B30*'Brackets - freq'!B30-N31)) | AM31: =Bracket!F$2^2*(('Brackets - prob'!C30-I31)*(1+2*C31)-'Brackets - prob'!C30^2+I31^2-2*('Brackets - prob'!C30*'Brackets - freq'!C30-O31)) | AN31: =Bracket!G$2^2*(('Brackets - prob'!D30-J31)*(1+2*D31)-'Brackets - prob'!D30^2+J31^2-2*('Brackets - prob'!D30*'Brackets - freq'!D30-P31)) | AO31: =Bracket!H$2^2*(('Brackets - prob'!E30-K31)*(1+2*E31)-'Brackets - prob'!E30^2+K31^2-2*('Brackets - prob'!E30*'Brackets - freq'!E30-Q31)) | AP31: =Bracket!I$2^2*(('Brackets - prob'!F30-L31)*(1+2*F31)-'Brackets - prob'!F30^2+L31^2-2*('Brackets - prob'!F30*'Brackets - freq'!F30-R31)) | AQ31: =Bracket!J$2^2*(('Brackets - prob'!G30-M31)*(1+2*G31)-'Brackets - prob'!G30^2+M31^2-2*('Brackets - prob'!G30*'Brackets - freq'!G30-S31)) | AR31: =SUM($AL31:AL31) | AS31: =SUM($AL31:AM31) | AT31: =SUM($AL31:AN31) | AU31: =SUM($AL31:AO31) | AV31: =SUM($AL31:AP31) | AW31: =SUM($AL31:AQ31) | AX31: =IF(Z31=0,0,AR31/Z31) | AY31: =IF(AA31=0,0,AS31/AA31) | AZ31: =IF(AB31=0,0,AT31/AB31) | BA31: =IF(AC31=0,0,AU31/AC31) | BB31: =IF(AD31=0,0,AV31/AD31) | BC31: =IF(AE31=0,0,AW31/AE31) | BD31: =IF(OR(AX31=0,AX31<=-1),1,0) | BE31: =IF(OR(AY31=0,AY31<=-1),1,0) | BF31: =IF(OR(AZ31=0,AZ31<=-1),1,0) | BG31: =IF(OR(BA31=0,BA31<=-1),1,0) | BH31: =IF(OR(BB31=0,BB31<=-1),1,0) | BI31: =IF(OR(BC31=0,BC31<=-1),1,0) | BJ31: =IF(AND('Brackets - prob'!B30>H31-0.5,'Brackets - freq'!B30/'Brackets - prob'!B30<N31/H31^2),1,0) | BK31: =IF(AND('Brackets - prob'!C30>I31-0.5,'Brackets - freq'!C30/'Brackets - prob'!C30<O31/I31^2),1,0) | BL31: =IF(AND('Brackets - prob'!D30>J31-0.5,'Brackets - freq'!D30/'Brackets - prob'!D30<P31/J31^2),1,0) | BM31: =IF(AND('Brackets - prob'!E30>K31-0.5,'Brackets - freq'!E30/'Brackets - prob'!E30<Q31/K31^2),1,0) | BN31: =IF(AND('Brackets - prob'!F30>L31-0.5,'Brackets - freq'!F30/'Brackets - prob'!F30<R31/L31^2),1,0) | BO31: =IF(AND('Brackets - prob'!G30>M31-0.5,'Brackets - freq'!G30/'Brackets - prob'!G30<S31/M31^2),1,0)
A32: Florida | B32: =B31 | C32: =C31 | D32: =D31 | E32: =E31 | F32: =F31 | G32: =G31 | H32: =H31 | I32: =I31 | ... S32: =S31 | T32: =Bracket!E$2*('Brackets - prob'!B31-H32) | U32: =Bracket!F$2*('Brackets - prob'!C31-I32) | V32: =Bracket!G$2*('Brackets - prob'!D31-J32) | W32: =Bracket!H$2*('Brackets - prob'!E31-K32) | X32: =Bracket!I$2*('Brackets - prob'!F31-L32) | Y32: =Bracket!J$2*('Brackets - prob'!G31-M32) | Z32: =SUM(T32:$T32) | AA32: =SUM($T32:U32) | AB32: =SUM($T32:V32) | AC32: =SUM($T32:W32) | AD32: =SUM($T32:X32) | AE32: =SUM($T32:Y32) | AF32: ='Brackets - prob'!B31*(1-'Brackets - prob'!B31-2*'Brackets - freq'!B31+2*B32)+B32-B32^2 | AG32: ='Brackets - prob'!C31*(1-'Brackets - prob'!C31-2*'Brackets - freq'!C31+2*C32)+C32-C32^2 | AH32: ='Brackets - prob'!D31*(1-'Brackets - prob'!D31-2*'Brackets - freq'!D31+2*D32)+D32-D32^2 | AI32: ='Brackets - prob'!E31*(1-'Brackets - prob'!E31-2*'Brackets - freq'!E31+2*E32)+E32-E32^2 | AJ32: ='Brackets - prob'!F31*(1-'Brackets - prob'!F31-2*'Brackets - freq'!F31+2*F32)+F32-F32^2 | AK32: ='Brackets - prob'!G31*(1-'Brackets - prob'!G31-2*'Brackets - freq'!G31+2*G32)+G32-G32^2 | AL32: =Bracket!E$2^2*(('Brackets - prob'!B31-H32)*(1+2*B32)-'Brackets - prob'!B31^2+H32^2-2*('Brackets - prob'!B31*'Brackets - freq'!B31-N32)) | AM32: =Bracket!F$2^2*(('Brackets - prob'!C31-I32)*(1+2*C32)-'Brackets - prob'!C31^2+I32^2-2*('Brackets - prob'!C31*'Brackets - freq'!C31-O32)) | AN32: =Bracket!G$2^2*(('Brackets - prob'!D31-J32)*(1+2*D32)-'Brackets - prob'!D31^2+J32^2-2*('Brackets - prob'!D31*'Brackets - freq'!D31-P32)) | AO32: =Bracket!H$2^2*(('Brackets - prob'!E31-K32)*(1+2*E32)-'Brackets - prob'!E31^2+K32^2-2*('Brackets - prob'!E31*'Brackets - freq'!E31-Q32)) | AP32: =Bracket!I$2^2*(('Brackets - prob'!F31-L32)*(1+2*F32)-'Brackets - prob'!F31^2+L32^2-2*('Brackets - prob'!F31*'Brackets - freq'!F31-R32)) | AQ32: =Bracket!J$2^2*(('Brackets - prob'!G31-M32)*(1+2*G32)-'Brackets - prob'!G31^2+M32^2-2*('Brackets - prob'!G31*'Brackets - freq'!G31-S32)) | AR32: =SUM($AL32:AL32) | AS32: =SUM($AL32:AM32) | AT32: =SUM($AL32:AN32) | AU32: =SUM($AL32:AO32) | AV32: =SUM($AL32:AP32) | AW32: =SUM($AL32:AQ32) | AX32: =IF(Z32=0,0,AR32/Z32) | AY32: =IF(AA32=0,0,AS32/AA32) | AZ32: =IF(AB32=0,0,AT32/AB32) | BA32: =IF(AC32=0,0,AU32/AC32) | BB32: =IF(AD32=0,0,AV32/AD32) | BC32: =IF(AE32=0,0,AW32/AE32) | BD32: =IF(OR(AX32=0,AX32<=-1),1,0) | BE32: =IF(OR(AY32=0,AY32<=-1),1,0) | BF32: =IF(OR(AZ32=0,AZ32<=-1),1,0) | BG32: =IF(OR(BA32=0,BA32<=-1),1,0) | BH32: =IF(OR(BB32=0,BB32<=-1),1,0) | BI32: =IF(OR(BC32=0,BC32<=-1),1,0) | BJ32: =IF(AND('Brackets - prob'!B31>H32-0.5,'Brackets - freq'!B31/'Brackets - prob'!B31<N32/H32^2),1,0) | BK32: =IF(AND('Brackets - prob'!C31>I32-0.5,'Brackets - freq'!C31/'Brackets - prob'!C31<O32/I32^2),1,0) | BL32: =IF(AND('Brackets - prob'!D31>J32-0.5,'Brackets - freq'!D31/'Brackets - prob'!D31<P32/J32^2),1,0) | BM32: =IF(AND('Brackets - prob'!E31>K32-0.5,'Brackets - freq'!E31/'Brackets - prob'!E31<Q32/K32^2),1,0) | BN32: =IF(AND('Brackets - prob'!F31>L32-0.5,'Brackets - freq'!F31/'Brackets - prob'!F31<R32/L32^2),1,0) | BO32: =IF(AND('Brackets - prob'!G31>M32-0.5,'Brackets - freq'!G31/'Brackets - prob'!G31<S32/M32^2),1,0)
A33: Michigan | B33: =SUMPRODUCT('Brackets - prob'!B32:B33,'Brackets - freq'!B32:B33) | C33: =C32 | D33: =D32 | E33: =E32 | F33: =F32 | G33: =G32 | H33: =MAX('Brackets - prob'!B32:B33) | I33: =I32 | J33: =J32 | K33: =K32 | L33: =L32 | M33: =M32 | N33: =AVERAGEIF('Brackets - prob'!B32:B33,"="&H33,'Brackets - freq'!B32:B33)*H33 | O33: =O32 | P33: =P32 | Q33: =Q32 | R33: =R32 | S33: =S32 | T33: =Bracket!E$2*('Brackets - prob'!B32-H33) | U33: =Bracket!F$2*('Brackets - prob'!C32-I33) | V33: =Bracket!G$2*('Brackets - prob'!D32-J33) | W33: =Bracket!H$2*('Brackets - prob'!E32-K33) | X33: =Bracket!I$2*('Brackets - prob'!F32-L33) | Y33: =Bracket!J$2*('Brackets - prob'!G32-M33) | Z33: =SUM(T33:$T33) | AA33: =SUM($T33:U33) | AB33: =SUM($T33:V33) | AC33: =SUM($T33:W33) | AD33: =SUM($T33:X33) | AE33: =SUM($T33:Y33) | AF33: ='Brackets - prob'!B32*(1-'Brackets - prob'!B32-2*'Brackets - freq'!B32+2*B33)+B33-B33^2 | AG33: ='Brackets - prob'!C32*(1-'Brackets - prob'!C32-2*'Brackets - freq'!C32+2*C33)+C33-C33^2 | AH33: ='Brackets - prob'!D32*(1-'Brackets - prob'!D32-2*'Brackets - freq'!D32+2*D33)+D33-D33^2 | AI33: ='Brackets - prob'!E32*(1-'Brackets - prob'!E32-2*'Brackets - freq'!E32+2*E33)+E33-E33^2 | AJ33: ='Brackets - prob'!F32*(1-'Brackets - prob'!F32-2*'Brackets - freq'!F32+2*F33)+F33-F33^2 | AK33: ='Brackets - prob'!G32*(1-'Brackets - prob'!G32-2*'Brackets - freq'!G32+2*G33)+G33-G33^2 | AL33: =Bracket!E$2^2*(('Brackets - prob'!B32-H33)*(1+2*B33)-'Brackets - prob'!B32^2+H33^2-2*('Brackets - prob'!B32*'Brackets - freq'!B32-N33)) | AM33: =Bracket!F$2^2*(('Brackets - prob'!C32-I33)*(1+2*C33)-'Brackets - prob'!C32^2+I33^2-2*('Brackets - prob'!C32*'Brackets - freq'!C32-O33)) | AN33: =Bracket!G$2^2*(('Brackets - prob'!D32-J33)*(1+2*D33)-'Brackets - prob'!D32^2+J33^2-2*('Brackets - prob'!D32*'Brackets - freq'!D32-P33)) | AO33: =Bracket!H$2^2*(('Brackets - prob'!E32-K33)*(1+2*E33)-'Brackets - prob'!E32^2+K33^2-2*('Brackets - prob'!E32*'Brackets - freq'!E32-Q33)) | AP33: =Bracket!I$2^2*(('Brackets - prob'!F32-L33)*(1+2*F33)-'Brackets - prob'!F32^2+L33^2-2*('Brackets - prob'!F32*'Brackets - freq'!F32-R33)) | AQ33: =Bracket!J$2^2*(('Brackets - prob'!G32-M33)*(1+2*G33)-'Brackets - prob'!G32^2+M33^2-2*('Brackets - prob'!G32*'Brackets - freq'!G32-S33)) | AR33: =SUM($AL33:AL33) | AS33: =SUM($AL33:AM33) | AT33: =SUM($AL33:AN33) | AU33: =SUM($AL33:AO33) | AV33: =SUM($AL33:AP33) | AW33: =SUM($AL33:AQ33) | AX33: =IF(Z33=0,0,AR33/Z33) | AY33: =IF(AA33=0,0,AS33/AA33) | AZ33: =IF(AB33=0,0,AT33/AB33) | BA33: =IF(AC33=0,0,AU33/AC33) | BB33: =IF(AD33=0,0,AV33/AD33) | BC33: =IF(AE33=0,0,AW33/AE33) | BD33: =IF(OR(AX33=0,AX33<=-1),1,0) | BE33: =IF(OR(AY33=0,AY33<=-1),1,0) | BF33: =IF(OR(AZ33=0,AZ33<=-1),1,0) | BG33: =IF(OR(BA33=0,BA33<=-1),1,0) | BH33: =IF(OR(BB33=0,BB33<=-1),1,0) | BI33: =IF(OR(BC33=0,BC33<=-1),1,0) | BJ33: =IF(AND('Brackets - prob'!B32>H33-0.5,'Brackets - freq'!B32/'Brackets - prob'!B32<N33/H33^2),1,0) | BK33: =IF(AND('Brackets - prob'!C32>I33-0.5,'Brackets - freq'!C32/'Brackets - prob'!C32<O33/I33^2),1,0) | BL33: =IF(AND('Brackets - prob'!D32>J33-0.5,'Brackets - freq'!D32/'Brackets - prob'!D32<P33/J33^2),1,0) | BM33: =IF(AND('Brackets - prob'!E32>K33-0.5,'Brackets - freq'!E32/'Brackets - prob'!E32<Q33/K33^2),1,0) | BN33: =IF(AND('Brackets - prob'!F32>L33-0.5,'Brackets - freq'!F32/'Brackets - prob'!F32<R33/L33^2),1,0) | BO33: =IF(AND('Brackets - prob'!G32>M33-0.5,'Brackets - freq'!G32/'Brackets - prob'!G32<S33/M33^2),1,0)
A34: Montana | B34: =B33 | C34: =C33 | D34: =D33 | E34: =E33 | F34: =F33 | G34: =G33 | H34: =H33 | I34: =I33 | ... S34: =S33 | T34: =Bracket!E$2*('Brackets - prob'!B33-H34) | U34: =Bracket!F$2*('Brackets - prob'!C33-I34) | V34: =Bracket!G$2*('Brackets - prob'!D33-J34) | W34: =Bracket!H$2*('Brackets - prob'!E33-K34) | X34: =Bracket!I$2*('Brackets - prob'!F33-L34) | Y34: =Bracket!J$2*('Brackets - prob'!G33-M34) | Z34: =SUM(T34:$T34) | AA34: =SUM($T34:U34) | AB34: =SUM($T34:V34) | AC34: =SUM($T34:W34) | AD34: =SUM($T34:X34) | AE34: =SUM($T34:Y34) | AF34: ='Brackets - prob'!B33*(1-'Brackets - prob'!B33-2*'Brackets - freq'!B33+2*B34)+B34-B34^2 | AG34: ='Brackets - prob'!C33*(1-'Brackets - prob'!C33-2*'Brackets - freq'!C33+2*C34)+C34-C34^2 | AH34: ='Brackets - prob'!D33*(1-'Brackets - prob'!D33-2*'Brackets - freq'!D33+2*D34)+D34-D34^2 | AI34: ='Brackets - prob'!E33*(1-'Brackets - prob'!E33-2*'Brackets - freq'!E33+2*E34)+E34-E34^2 | AJ34: ='Brackets - prob'!F33*(1-'Brackets - prob'!F33-2*'Brackets - freq'!F33+2*F34)+F34-F34^2 | AK34: ='Brackets - prob'!G33*(1-'Brackets - prob'!G33-2*'Brackets - freq'!G33+2*G34)+G34-G34^2 | AL34: =Bracket!E$2^2*(('Brackets - prob'!B33-H34)*(1+2*B34)-'Brackets - prob'!B33^2+H34^2-2*('Brackets - prob'!B33*'Brackets - freq'!B33-N34)) | AM34: =Bracket!F$2^2*(('Brackets - prob'!C33-I34)*(1+2*C34)-'Brackets - prob'!C33^2+I34^2-2*('Brackets - prob'!C33*'Brackets - freq'!C33-O34)) | AN34: =Bracket!G$2^2*(('Brackets - prob'!D33-J34)*(1+2*D34)-'Brackets - prob'!D33^2+J34^2-2*('Brackets - prob'!D33*'Brackets - freq'!D33-P34)) | AO34: =Bracket!H$2^2*(('Brackets - prob'!E33-K34)*(1+2*E34)-'Brackets - prob'!E33^2+K34^2-2*('Brackets - prob'!E33*'Brackets - freq'!E33-Q34)) | AP34: =Bracket!I$2^2*(('Brackets - prob'!F33-L34)*(1+2*F34)-'Brackets - prob'!F33^2+L34^2-2*('Brackets - prob'!F33*'Brackets - freq'!F33-R34)) | AQ34: =Bracket!J$2^2*(('Brackets - prob'!G33-M34)*(1+2*G34)-'Brackets - prob'!G33^2+M34^2-2*('Brackets - prob'!G33*'Brackets - freq'!G33-S34)) | AR34: =SUM($AL34:AL34) | AS34: =SUM($AL34:AM34) | AT34: =SUM($AL34:AN34) | AU34: =SUM($AL34:AO34) | AV34: =SUM($AL34:AP34) | AW34: =SUM($AL34:AQ34) | AX34: =IF(Z34=0,0,AR34/Z34) | AY34: =IF(AA34=0,0,AS34/AA34) | AZ34: =IF(AB34=0,0,AT34/AB34) | BA34: =IF(AC34=0,0,AU34/AC34) | BB34: =IF(AD34=0,0,AV34/AD34) | BC34: =IF(AE34=0,0,AW34/AE34) | BD34: =IF(OR(AX34=0,AX34<=-1),1,0) | BE34: =IF(OR(AY34=0,AY34<=-1),1,0) | BF34: =IF(OR(AZ34=0,AZ34<=-1),1,0) | BG34: =IF(OR(BA34=0,BA34<=-1),1,0) | BH34: =IF(OR(BB34=0,BB34<=-1),1,0) | BI34: =IF(OR(BC34=0,BC34<=-1),1,0) | BJ34: =IF(AND('Brackets - prob'!B33>H34-0.5,'Brackets - freq'!B33/'Brackets - prob'!B33<N34/H34^2),1,0) | BK34: =IF(AND('Brackets - prob'!C33>I34-0.5,'Brackets - freq'!C33/'Brackets - prob'!C33<O34/I34^2),1,0) | BL34: =IF(AND('Brackets - prob'!D33>J34-0.5,'Brackets - freq'!D33/'Brackets - prob'!D33<P34/J34^2),1,0) | BM34: =IF(AND('Brackets - prob'!E33>K34-0.5,'Brackets - freq'!E33/'Brackets - prob'!E33<Q34/K34^2),1,0) | BN34: =IF(AND('Brackets - prob'!F33>L34-0.5,'Brackets - freq'!F33/'Brackets - prob'!F33<R34/L34^2),1,0) | BO34: =IF(AND('Brackets - prob'!G33>M34-0.5,'Brackets - freq'!G33/'Brackets - prob'!G33<S34/M34^2),1,0)
A35: Virginia | B35: =SUMPRODUCT('Brackets - prob'!B34:B35,'Brackets - freq'!B34:B35) | C35: =SUMPRODUCT('Brackets - prob'!C34:C37,'Brackets - freq'!C34:C37) | D35: =SUMPRODUCT('Brackets - prob'!D34:D41,'Brackets - freq'!D34:D41) | E35: =SUMPRODUCT('Brackets - prob'!E34:E49,'Brackets - freq'!E34:E49) | F35: =SUMPRODUCT('Brackets - prob'!F34:F65,'Brackets - freq'!F34:F65) | G35: =G34 | H35: =MAX('Brackets - prob'!B34:B35) | I35: =MAX('Brackets - prob'!C34:C37) | J35: =MAX('Brackets - prob'!D34:D41) | K35: =MAX('Brackets - prob'!E34:E49) | L35: =MAX('Brackets - prob'!F34:F65) | M35: =M34 | N35: =AVERAGEIF('Brackets - prob'!B34:B35,"="&H35,'Brackets - freq'!B34:B35)*H35 | O35: =AVERAGEIF('Brackets - prob'!C34:C37,"="&I35,'Brackets - freq'!C34:C37)*I35 | P35: =AVERAGEIF('Brackets - prob'!D34:D41,"="&J35,'Brackets - freq'!D34:D41)*J35 | Q35: =AVERAGEIF('Brackets - prob'!E34:E49,"="&K35,'Brackets - freq'!E34:E49)*K35 | R35: =AVERAGEIF('Brackets - prob'!F34:F65,"="&L35,'Brackets - freq'!F34:F65)*L35 | S35: =S34 | T35: =Bracket!E$2*('Brackets - prob'!B34-H35) | U35: =Bracket!F$2*('Brackets - prob'!C34-I35) | V35: =Bracket!G$2*('Brackets - prob'!D34-J35) | W35: =Bracket!H$2*('Brackets - prob'!E34-K35) | X35: =Bracket!I$2*('Brackets - prob'!F34-L35) | Y35: =Bracket!J$2*('Brackets - prob'!G34-M35) | Z35: =SUM(T35:$T35) | AA35: =SUM($T35:U35) | AB35: =SUM($T35:V35) | AC35: =SUM($T35:W35) | AD35: =SUM($T35:X35) | AE35: =SUM($T35:Y35) | AF35: ='Brackets - prob'!B34*(1-'Brackets - prob'!B34-2*'Brackets - freq'!B34+2*B35)+B35-B35^2 | AG35: ='Brackets - prob'!C34*(1-'Brackets - prob'!C34-2*'Brackets - freq'!C34+2*C35)+C35-C35^2 | AH35: ='Brackets - prob'!D34*(1-'Brackets - prob'!D34-2*'Brackets - freq'!D34+2*D35)+D35-D35^2 | AI35: ='Brackets - prob'!E34*(1-'Brackets - prob'!E34-2*'Brackets - freq'!E34+2*E35)+E35-E35^2 | AJ35: ='Brackets - prob'!F34*(1-'Brackets - prob'!F34-2*'Brackets - freq'!F34+2*F35)+F35-F35^2 | AK35: ='Brackets - prob'!G34*(1-'Brackets - prob'!G34-2*'Brackets - freq'!G34+2*G35)+G35-G35^2 | AL35: =Bracket!E$2^2*(('Brackets - prob'!B34-H35)*(1+2*B35)-'Brackets - prob'!B34^2+H35^2-2*('Brackets - prob'!B34*'Brackets - freq'!B34-N35)) | AM35: =Bracket!F$2^2*(('Brackets - prob'!C34-I35)*(1+2*C35)-'Brackets - prob'!C34^2+I35^2-2*('Brackets - prob'!C34*'Brackets - freq'!C34-O35)) | AN35: =Bracket!G$2^2*(('Brackets - prob'!D34-J35)*(1+2*D35)-'Brackets - prob'!D34^2+J35^2-2*('Brackets - prob'!D34*'Brackets - freq'!D34-P35)) | AO35: =Bracket!H$2^2*(('Brackets - prob'!E34-K35)*(1+2*E35)-'Brackets - prob'!E34^2+K35^2-2*('Brackets - prob'!E34*'Brackets - freq'!E34-Q35)) | AP35: =Bracket!I$2^2*(('Brackets - prob'!F34-L35)*(1+2*F35)-'Brackets - prob'!F34^2+L35^2-2*('Brackets - prob'!F34*'Brackets - freq'!F34-R35)) | AQ35: =Bracket!J$2^2*(('Brackets - prob'!G34-M35)*(1+2*G35)-'Brackets - prob'!G34^2+M35^2-2*('Brackets - prob'!G34*'Brackets - freq'!G34-S35)) | AR35: =SUM($AL35:AL35) | AS35: =SUM($AL35:AM35) | AT35: =SUM($AL35:AN35) | AU35: =SUM($AL35:AO35) | AV35: =SUM($AL35:AP35) | AW35: =SUM($AL35:AQ35) | AX35: =IF(Z35=0,0,AR35/Z35) | AY35: =IF(AA35=0,0,AS35/AA35) | AZ35: =IF(AB35=0,0,AT35/AB35) | BA35: =IF(AC35=0,0,AU35/AC35) | BB35: =IF(AD35=0,0,AV35/AD35) | BC35: =IF(AE35=0,0,AW35/AE35) | BD35: =IF(OR(AX35=0,AX35<=-1),1,0) | BE35: =IF(OR(AY35=0,AY35<=-1),1,0) | BF35: =IF(OR(AZ35=0,AZ35<=-1),1,0) | BG35: =IF(OR(BA35=0,BA35<=-1),1,0) | BH35: =IF(OR(BB35=0,BB35<=-1),1,0) | BI35: =IF(OR(BC35=0,BC35<=-1),1,0) | BJ35: =IF(AND('Brackets - prob'!B34>H35-0.5,'Brackets - freq'!B34/'Brackets - prob'!B34<N35/H35^2),1,0) | BK35: =IF(AND('Brackets - prob'!C34>I35-0.5,'Brackets - freq'!C34/'Brackets - prob'!C34<O35/I35^2),1,0) | BL35: =IF(AND('Brackets - prob'!D34>J35-0.5,'Brackets - freq'!D34/'Brackets - prob'!D34<P35/J35^2),1,0) | BM35: =IF(AND('Brackets - prob'!E34>K35-0.5,'Brackets - freq'!E34/'Brackets - prob'!E34<Q35/K35^2),1,0) | BN35: =IF(AND('Brackets - prob'!F34>L35-0.5,'Brackets - freq'!F34/'Brackets - prob'!F34<R35/L35^2),1,0) | BO35: =IF(AND('Brackets - prob'!G34>M35-0.5,'Brackets - freq'!G34/'Brackets - prob'!G34<S35/M35^2),1,0)
A36: Gardner-Webb | B36: =B35 | C36: =C35 | D36: =D35 | E36: =E35 | F36: =F35 | G36: =G35 | H36: =H35 | I36: =I35 | ... S36: =S35 | T36: =Bracket!E$2*('Brackets - prob'!B35-H36) | U36: =Bracket!F$2*('Brackets - prob'!C35-I36) | V36: =Bracket!G$2*('Brackets - prob'!D35-J36) | W36: =Bracket!H$2*('Brackets - prob'!E35-K36) | X36: =Bracket!I$2*('Brackets - prob'!F35-L36) | Y36: =Bracket!J$2*('Brackets - prob'!G35-M36) | Z36: =SUM(T36:$T36) | AA36: =SUM($T36:U36) | AB36: =SUM($T36:V36) | AC36: =SUM($T36:W36) | AD36: =SUM($T36:X36) | AE36: =SUM($T36:Y36) | AF36: ='Brackets - prob'!B35*(1-'Brackets - prob'!B35-2*'Brackets - freq'!B35+2*B36)+B36-B36^2 | AG36: ='Brackets - prob'!C35*(1-'Brackets - prob'!C35-2*'Brackets - freq'!C35+2*C36)+C36-C36^2 | AH36: ='Brackets - prob'!D35*(1-'Brackets - prob'!D35-2*'Brackets - freq'!D35+2*D36)+D36-D36^2 | AI36: ='Brackets - prob'!E35*(1-'Brackets - prob'!E35-2*'Brackets - freq'!E35+2*E36)+E36-E36^2 | AJ36: ='Brackets - prob'!F35*(1-'Brackets - prob'!F35-2*'Brackets - freq'!F35+2*F36)+F36-F36^2 | AK36: ='Brackets - prob'!G35*(1-'Brackets - prob'!G35-2*'Brackets - freq'!G35+2*G36)+G36-G36^2 | AL36: =Bracket!E$2^2*(('Brackets - prob'!B35-H36)*(1+2*B36)-'Brackets - prob'!B35^2+H36^2-2*('Brackets - prob'!B35*'Brackets - freq'!B35-N36)) | AM36: =Bracket!F$2^2*(('Brackets - prob'!C35-I36)*(1+2*C36)-'Brackets - prob'!C35^2+I36^2-2*('Brackets - prob'!C35*'Brackets - freq'!C35-O36)) | AN36: =Bracket!G$2^2*(('Brackets - prob'!D35-J36)*(1+2*D36)-'Brackets - prob'!D35^2+J36^2-2*('Brackets - prob'!D35*'Brackets - freq'!D35-P36)) | AO36: =Bracket!H$2^2*(('Brackets - prob'!E35-K36)*(1+2*E36)-'Brackets - prob'!E35^2+K36^2-2*('Brackets - prob'!E35*'Brackets - freq'!E35-Q36)) | AP36: =Bracket!I$2^2*(('Brackets - prob'!F35-L36)*(1+2*F36)-'Brackets - prob'!F35^2+L36^2-2*('Brackets - prob'!F35*'Brackets - freq'!F35-R36)) | AQ36: =Bracket!J$2^2*(('Brackets - prob'!G35-M36)*(1+2*G36)-'Brackets - prob'!G35^2+M36^2-2*('Brackets - prob'!G35*'Brackets - freq'!G35-S36)) | AR36: =SUM($AL36:AL36) | AS36: =SUM($AL36:AM36) | AT36: =SUM($AL36:AN36) | AU36: =SUM($AL36:AO36) | AV36: =SUM($AL36:AP36) | AW36: =SUM($AL36:AQ36) | AX36: =IF(Z36=0,0,AR36/Z36) | AY36: =IF(AA36=0,0,AS36/AA36) | AZ36: =IF(AB36=0,0,AT36/AB36) | BA36: =IF(AC36=0,0,AU36/AC36) | BB36: =IF(AD36=0,0,AV36/AD36) | BC36: =IF(AE36=0,0,AW36/AE36) | BD36: =IF(OR(AX36=0,AX36<=-1),1,0) | BE36: =IF(OR(AY36=0,AY36<=-1),1,0) | BF36: =IF(OR(AZ36=0,AZ36<=-1),1,0) | BG36: =IF(OR(BA36=0,BA36<=-1),1,0) | BH36: =IF(OR(BB36=0,BB36<=-1),1,0) | BI36: =IF(OR(BC36=0,BC36<=-1),1,0) | BJ36: =IF(AND('Brackets - prob'!B35>H36-0.5,'Brackets - freq'!B35/'Brackets - prob'!B35<N36/H36^2),1,0) | BK36: =IF(AND('Brackets - prob'!C35>I36-0.5,'Brackets - freq'!C35/'Brackets - prob'!C35<O36/I36^2),1,0) | BL36: =IF(AND('Brackets - prob'!D35>J36-0.5,'Brackets - freq'!D35/'Brackets - prob'!D35<P36/J36^2),1,0) | BM36: =IF(AND('Brackets - prob'!E35>K36-0.5,'Brackets - freq'!E35/'Brackets - prob'!E35<Q36/K36^2),1,0) | BN36: =IF(AND('Brackets - prob'!F35>L36-0.5,'Brackets - freq'!F35/'Brackets - prob'!F35<R36/L36^2),1,0) | BO36: =IF(AND('Brackets - prob'!G35>M36-0.5,'Brackets - freq'!G35/'Brackets - prob'!G35<S36/M36^2),1,0)
A37: Mississippi State | B37: =SUMPRODUCT('Brackets - prob'!B36:B37,'Brackets - freq'!B36:B37) | C37: =C36 | D37: =D36 | E37: =E36 | F37: =F36 | G37: =G36 | H37: =MAX('Brackets - prob'!B36:B37) | I37: =I36 | J37: =J36 | K37: =K36 | L37: =L36 | M37: =M36 | N37: =AVERAGEIF('Brackets - prob'!B36:B37,"="&H37,'Brackets - freq'!B36:B37)*H37 | O37: =O36 | P37: =P36 | Q37: =Q36 | R37: =R36 | S37: =S36 | T37: =Bracket!E$2*('Brackets - prob'!B36-H37) | U37: =Bracket!F$2*('Brackets - prob'!C36-I37) | V37: =Bracket!G$2*('Brackets - prob'!D36-J37) | W37: =Bracket!H$2*('Brackets - prob'!E36-K37) | X37: =Bracket!I$2*('Brackets - prob'!F36-L37) | Y37: =Bracket!J$2*('Brackets - prob'!G36-M37) | Z37: =SUM(T37:$T37) | AA37: =SUM($T37:U37) | AB37: =SUM($T37:V37) | AC37: =SUM($T37:W37) | AD37: =SUM($T37:X37) | AE37: =SUM($T37:Y37) | AF37: ='Brackets - prob'!B36*(1-'Brackets - prob'!B36-2*'Brackets - freq'!B36+2*B37)+B37-B37^2 | AG37: ='Brackets - prob'!C36*(1-'Brackets - prob'!C36-2*'Brackets - freq'!C36+2*C37)+C37-C37^2 | AH37: ='Brackets - prob'!D36*(1-'Brackets - prob'!D36-2*'Brackets - freq'!D36+2*D37)+D37-D37^2 | AI37: ='Brackets - prob'!E36*(1-'Brackets - prob'!E36-2*'Brackets - freq'!E36+2*E37)+E37-E37^2 | AJ37: ='Brackets - prob'!F36*(1-'Brackets - prob'!F36-2*'Brackets - freq'!F36+2*F37)+F37-F37^2 | AK37: ='Brackets - prob'!G36*(1-'Brackets - prob'!G36-2*'Brackets - freq'!G36+2*G37)+G37-G37^2 | AL37: =Bracket!E$2^2*(('Brackets - prob'!B36-H37)*(1+2*B37)-'Brackets - prob'!B36^2+H37^2-2*('Brackets - prob'!B36*'Brackets - freq'!B36-N37)) | AM37: =Bracket!F$2^2*(('Brackets - prob'!C36-I37)*(1+2*C37)-'Brackets - prob'!C36^2+I37^2-2*('Brackets - prob'!C36*'Brackets - freq'!C36-O37)) | AN37: =Bracket!G$2^2*(('Brackets - prob'!D36-J37)*(1+2*D37)-'Brackets - prob'!D36^2+J37^2-2*('Brackets - prob'!D36*'Brackets - freq'!D36-P37)) | AO37: =Bracket!H$2^2*(('Brackets - prob'!E36-K37)*(1+2*E37)-'Brackets - prob'!E36^2+K37^2-2*('Brackets - prob'!E36*'Brackets - freq'!E36-Q37)) | AP37: =Bracket!I$2^2*(('Brackets - prob'!F36-L37)*(1+2*F37)-'Brackets - prob'!F36^2+L37^2-2*('Brackets - prob'!F36*'Brackets - freq'!F36-R37)) | AQ37: =Bracket!J$2^2*(('Brackets - prob'!G36-M37)*(1+2*G37)-'Brackets - prob'!G36^2+M37^2-2*('Brackets - prob'!G36*'Brackets - freq'!G36-S37)) | AR37: =SUM($AL37:AL37) | AS37: =SUM($AL37:AM37) | AT37: =SUM($AL37:AN37) | AU37: =SUM($AL37:AO37) | AV37: =SUM($AL37:AP37) | AW37: =SUM($AL37:AQ37) | AX37: =IF(Z37=0,0,AR37/Z37) | AY37: =IF(AA37=0,0,AS37/AA37) | AZ37: =IF(AB37=0,0,AT37/AB37) | BA37: =IF(AC37=0,0,AU37/AC37) | BB37: =IF(AD37=0,0,AV37/AD37) | BC37: =IF(AE37=0,0,AW37/AE37) | BD37: =IF(OR(AX37=0,AX37<=-1),1,0) | BE37: =IF(OR(AY37=0,AY37<=-1),1,0) | BF37: =IF(OR(AZ37=0,AZ37<=-1),1,0) | BG37: =IF(OR(BA37=0,BA37<=-1),1,0) | BH37: =IF(OR(BB37=0,BB37<=-1),1,0) | BI37: =IF(OR(BC37=0,BC37<=-1),1,0) | BJ37: =IF(AND('Brackets - prob'!B36>H37-0.5,'Brackets - freq'!B36/'Brackets - prob'!B36<N37/H37^2),1,0) | BK37: =IF(AND('Brackets - prob'!C36>I37-0.5,'Brackets - freq'!C36/'Brackets - prob'!C36<O37/I37^2),1,0) | BL37: =IF(AND('Brackets - prob'!D36>J37-0.5,'Brackets - freq'!D36/'Brackets - prob'!D36<P37/J37^2),1,0) | BM37: =IF(AND('Brackets - prob'!E36>K37-0.5,'Brackets - freq'!E36/'Brackets - prob'!E36<Q37/K37^2),1,0) | BN37: =IF(AND('Brackets - prob'!F36>L37-0.5,'Brackets - freq'!F36/'Brackets - prob'!F36<R37/L37^2),1,0) | BO37: =IF(AND('Brackets - prob'!G36>M37-0.5,'Brackets - freq'!G36/'Brackets - prob'!G36<S37/M37^2),1,0)
A38: Oklahoma | B38: =B37 | C38: =C37 | D38: =D37 | E38: =E37 | F38: =F37 | G38: =G37 | H38: =H37 | I38: =I37 | ... S38: =S37 | T38: =Bracket!E$2*('Brackets - prob'!B37-H38) | U38: =Bracket!F$2*('Brackets - prob'!C37-I38) | V38: =Bracket!G$2*('Brackets - prob'!D37-J38) | W38: =Bracket!H$2*('Brackets - prob'!E37-K38) | X38: =Bracket!I$2*('Brackets - prob'!F37-L38) | Y38: =Bracket!J$2*('Brackets - prob'!G37-M38) | Z38: =SUM(T38:$T38) | AA38: =SUM($T38:U38) | AB38: =SUM($T38:V38) | AC38: =SUM($T38:W38) | AD38: =SUM($T38:X38) | AE38: =SUM($T38:Y38) | AF38: ='Brackets - prob'!B37*(1-'Brackets - prob'!B37-2*'Brackets - freq'!B37+2*B38)+B38-B38^2 | AG38: ='Brackets - prob'!C37*(1-'Brackets - prob'!C37-2*'Brackets - freq'!C37+2*C38)+C38-C38^2 | AH38: ='Brackets - prob'!D37*(1-'Brackets - prob'!D37-2*'Brackets - freq'!D37+2*D38)+D38-D38^2 | AI38: ='Brackets - prob'!E37*(1-'Brackets - prob'!E37-2*'Brackets - freq'!E37+2*E38)+E38-E38^2 | AJ38: ='Brackets - prob'!F37*(1-'Brackets - prob'!F37-2*'Brackets - freq'!F37+2*F38)+F38-F38^2 | AK38: ='Brackets - prob'!G37*(1-'Brackets - prob'!G37-2*'Brackets - freq'!G37+2*G38)+G38-G38^2 | AL38: =Bracket!E$2^2*(('Brackets - prob'!B37-H38)*(1+2*B38)-'Brackets - prob'!B37^2+H38^2-2*('Brackets - prob'!B37*'Brackets - freq'!B37-N38)) | AM38: =Bracket!F$2^2*(('Brackets - prob'!C37-I38)*(1+2*C38)-'Brackets - prob'!C37^2+I38^2-2*('Brackets - prob'!C37*'Brackets - freq'!C37-O38)) | AN38: =Bracket!G$2^2*(('Brackets - prob'!D37-J38)*(1+2*D38)-'Brackets - prob'!D37^2+J38^2-2*('Brackets - prob'!D37*'Brackets - freq'!D37-P38)) | AO38: =Bracket!H$2^2*(('Brackets - prob'!E37-K38)*(1+2*E38)-'Brackets - prob'!E37^2+K38^2-2*('Brackets - prob'!E37*'Brackets - freq'!E37-Q38)) | AP38: =Bracket!I$2^2*(('Brackets - prob'!F37-L38)*(1+2*F38)-'Brackets - prob'!F37^2+L38^2-2*('Brackets - prob'!F37*'Brackets - freq'!F37-R38)) | AQ38: =Bracket!J$2^2*(('Brackets - prob'!G37-M38)*(1+2*G38)-'Brackets - prob'!G37^2+M38^2-2*('Brackets - prob'!G37*'Brackets - freq'!G37-S38)) | AR38: =SUM($AL38:AL38) | AS38: =SUM($AL38:AM38) | AT38: =SUM($AL38:AN38) | AU38: =SUM($AL38:AO38) | AV38: =SUM($AL38:AP38) | AW38: =SUM($AL38:AQ38) | AX38: =IF(Z38=0,0,AR38/Z38) | AY38: =IF(AA38=0,0,AS38/AA38) | AZ38: =IF(AB38=0,0,AT38/AB38) | BA38: =IF(AC38=0,0,AU38/AC38) | BB38: =IF(AD38=0,0,AV38/AD38) | BC38: =IF(AE38=0,0,AW38/AE38) | BD38: =IF(OR(AX38=0,AX38<=-1),1,0) | BE38: =IF(OR(AY38=0,AY38<=-1),1,0) | BF38: =IF(OR(AZ38=0,AZ38<=-1),1,0) | BG38: =IF(OR(BA38=0,BA38<=-1),1,0) | BH38: =IF(OR(BB38=0,BB38<=-1),1,0) | BI38: =IF(OR(BC38=0,BC38<=-1),1,0) | BJ38: =IF(AND('Brackets - prob'!B37>H38-0.5,'Brackets - freq'!B37/'Brackets - prob'!B37<N38/H38^2),1,0) | BK38: =IF(AND('Brackets - prob'!C37>I38-0.5,'Brackets - freq'!C37/'Brackets - prob'!C37<O38/I38^2),1,0) | BL38: =IF(AND('Brackets - prob'!D37>J38-0.5,'Brackets - freq'!D37/'Brackets - prob'!D37<P38/J38^2),1,0) | BM38: =IF(AND('Brackets - prob'!E37>K38-0.5,'Brackets - freq'!E37/'Brackets - prob'!E37<Q38/K38^2),1,0) | BN38: =IF(AND('Brackets - prob'!F37>L38-0.5,'Brackets - freq'!F37/'Brackets - prob'!F37<R38/L38^2),1,0) | BO38: =IF(AND('Brackets - prob'!G37>M38-0.5,'Brackets - freq'!G37/'Brackets - prob'!G37<S38/M38^2),1,0)
A39: Wisconsin | B39: =SUMPRODUCT('Brackets - prob'!B38:B39,'Brackets - freq'!B38:B39) | C39: =SUMPRODUCT('Brackets - prob'!C38:C41,'Brackets - freq'!C38:C41) | D39: =D38 | E39: =E38 | F39: =F38 | G39: =G38 | H39: =MAX('Brackets - prob'!B38:B39) | I39: =MAX('Brackets - prob'!C38:C41) | J39: =J38 | K39: =K38 | L39: =L38 | M39: =M38 | N39: =AVERAGEIF('Brackets - prob'!B38:B39,"="&H39,'Brackets - freq'!B38:B39)*H39 | O39: =AVERAGEIF('Brackets - prob'!C38:C41,"="&I39,'Brackets - freq'!C38:C41)*I39 | P39: =P38 | Q39: =Q38 | R39: =R38 | S39: =S38 | T39: =Bracket!E$2*('Brackets - prob'!B38-H39) | U39: =Bracket!F$2*('Brackets - prob'!C38-I39) | V39: =Bracket!G$2*('Brackets - prob'!D38-J39) | W39: =Bracket!H$2*('Brackets - prob'!E38-K39) | X39: =Bracket!I$2*('Brackets - prob'!F38-L39) | Y39: =Bracket!J$2*('Brackets - prob'!G38-M39) | Z39: =SUM(T39:$T39) | AA39: =SUM($T39:U39) | AB39: =SUM($T39:V39) | AC39: =SUM($T39:W39) | AD39: =SUM($T39:X39) | AE39: =SUM($T39:Y39) | AF39: ='Brackets - prob'!B38*(1-'Brackets - prob'!B38-2*'Brackets - freq'!B38+2*B39)+B39-B39^2 | AG39: ='Brackets - prob'!C38*(1-'Brackets - prob'!C38-2*'Brackets - freq'!C38+2*C39)+C39-C39^2 | AH39: ='Brackets - prob'!D38*(1-'Brackets - prob'!D38-2*'Brackets - freq'!D38+2*D39)+D39-D39^2 | AI39: ='Brackets - prob'!E38*(1-'Brackets - prob'!E38-2*'Brackets - freq'!E38+2*E39)+E39-E39^2 | AJ39: ='Brackets - prob'!F38*(1-'Brackets - prob'!F38-2*'Brackets - freq'!F38+2*F39)+F39-F39^2 | AK39: ='Brackets - prob'!G38*(1-'Brackets - prob'!G38-2*'Brackets - freq'!G38+2*G39)+G39-G39^2 | AL39: =Bracket!E$2^2*(('Brackets - prob'!B38-H39)*(1+2*B39)-'Brackets - prob'!B38^2+H39^2-2*('Brackets - prob'!B38*'Brackets - freq'!B38-N39)) | AM39: =Bracket!F$2^2*(('Brackets - prob'!C38-I39)*(1+2*C39)-'Brackets - prob'!C38^2+I39^2-2*('Brackets - prob'!C38*'Brackets - freq'!C38-O39)) | AN39: =Bracket!G$2^2*(('Brackets - prob'!D38-J39)*(1+2*D39)-'Brackets - prob'!D38^2+J39^2-2*('Brackets - prob'!D38*'Brackets - freq'!D38-P39)) | AO39: =Bracket!H$2^2*(('Brackets - prob'!E38-K39)*(1+2*E39)-'Brackets - prob'!E38^2+K39^2-2*('Brackets - prob'!E38*'Brackets - freq'!E38-Q39)) | AP39: =Bracket!I$2^2*(('Brackets - prob'!F38-L39)*(1+2*F39)-'Brackets - prob'!F38^2+L39^2-2*('Brackets - prob'!F38*'Brackets - freq'!F38-R39)) | AQ39: =Bracket!J$2^2*(('Brackets - prob'!G38-M39)*(1+2*G39)-'Brackets - prob'!G38^2+M39^2-2*('Brackets - prob'!G38*'Brackets - freq'!G38-S39)) | AR39: =SUM($AL39:AL39) | AS39: =SUM($AL39:AM39) | AT39: =SUM($AL39:AN39) | AU39: =SUM($AL39:AO39) | AV39: =SUM($AL39:AP39) | AW39: =SUM($AL39:AQ39) | AX39: =IF(Z39=0,0,AR39/Z39) | AY39: =IF(AA39=0,0,AS39/AA39) | AZ39: =IF(AB39=0,0,AT39/AB39) | BA39: =IF(AC39=0,0,AU39/AC39) | BB39: =IF(AD39=0,0,AV39/AD39) | BC39: =IF(AE39=0,0,AW39/AE39) | BD39: =IF(OR(AX39=0,AX39<=-1),1,0) | BE39: =IF(OR(AY39=0,AY39<=-1),1,0) | BF39: =IF(OR(AZ39=0,AZ39<=-1),1,0) | BG39: =IF(OR(BA39=0,BA39<=-1),1,0) | BH39: =IF(OR(BB39=0,BB39<=-1),1,0) | BI39: =IF(OR(BC39=0,BC39<=-1),1,0) | BJ39: =IF(AND('Brackets - prob'!B38>H39-0.5,'Brackets - freq'!B38/'Brackets - prob'!B38<N39/H39^2),1,0) | BK39: =IF(AND('Brackets - prob'!C38>I39-0.5,'Brackets - freq'!C38/'Brackets - prob'!C38<O39/I39^2),1,0) | BL39: =IF(AND('Brackets - prob'!D38>J39-0.5,'Brackets - freq'!D38/'Brackets - prob'!D38<P39/J39^2),1,0) | BM39: =IF(AND('Brackets - prob'!E38>K39-0.5,'Brackets - freq'!E38/'Brackets - prob'!E38<Q39/K39^2),1,0) | BN39: =IF(AND('Brackets - prob'!F38>L39-0.5,'Brackets - freq'!F38/'Brackets - prob'!F38<R39/L39^2),1,0) | BO39: =IF(AND('Brackets - prob'!G38>M39-0.5,'Brackets - freq'!G38/'Brackets - prob'!G38<S39/M39^2),1,0)
A40: Oregon | B40: =B39 | C40: =C39 | D40: =D39 | E40: =E39 | F40: =F39 | G40: =G39 | H40: =H39 | I40: =I39 | ... S40: =S39 | T40: =Bracket!E$2*('Brackets - prob'!B39-H40) | U40: =Bracket!F$2*('Brackets - prob'!C39-I40) | V40: =Bracket!G$2*('Brackets - prob'!D39-J40) | W40: =Bracket!H$2*('Brackets - prob'!E39-K40) | X40: =Bracket!I$2*('Brackets - prob'!F39-L40) | Y40: =Bracket!J$2*('Brackets - prob'!G39-M40) | Z40: =SUM(T40:$T40) | AA40: =SUM($T40:U40) | AB40: =SUM($T40:V40) | AC40: =SUM($T40:W40) | AD40: =SUM($T40:X40) | AE40: =SUM($T40:Y40) | AF40: ='Brackets - prob'!B39*(1-'Brackets - prob'!B39-2*'Brackets - freq'!B39+2*B40)+B40-B40^2 | AG40: ='Brackets - prob'!C39*(1-'Brackets - prob'!C39-2*'Brackets - freq'!C39+2*C40)+C40-C40^2 | AH40: ='Brackets - prob'!D39*(1-'Brackets - prob'!D39-2*'Brackets - freq'!D39+2*D40)+D40-D40^2 | AI40: ='Brackets - prob'!E39*(1-'Brackets - prob'!E39-2*'Brackets - freq'!E39+2*E40)+E40-E40^2 | AJ40: ='Brackets - prob'!F39*(1-'Brackets - prob'!F39-2*'Brackets - freq'!F39+2*F40)+F40-F40^2 | AK40: ='Brackets - prob'!G39*(1-'Brackets - prob'!G39-2*'Brackets - freq'!G39+2*G40)+G40-G40^2 | AL40: =Bracket!E$2^2*(('Brackets - prob'!B39-H40)*(1+2*B40)-'Brackets - prob'!B39^2+H40^2-2*('Brackets - prob'!B39*'Brackets - freq'!B39-N40)) | AM40: =Bracket!F$2^2*(('Brackets - prob'!C39-I40)*(1+2*C40)-'Brackets - prob'!C39^2+I40^2-2*('Brackets - prob'!C39*'Brackets - freq'!C39-O40)) | AN40: =Bracket!G$2^2*(('Brackets - prob'!D39-J40)*(1+2*D40)-'Brackets - prob'!D39^2+J40^2-2*('Brackets - prob'!D39*'Brackets - freq'!D39-P40)) | AO40: =Bracket!H$2^2*(('Brackets - prob'!E39-K40)*(1+2*E40)-'Brackets - prob'!E39^2+K40^2-2*('Brackets - prob'!E39*'Brackets - freq'!E39-Q40)) | AP40: =Bracket!I$2^2*(('Brackets - prob'!F39-L40)*(1+2*F40)-'Brackets - prob'!F39^2+L40^2-2*('Brackets - prob'!F39*'Brackets - freq'!F39-R40)) | AQ40: =Bracket!J$2^2*(('Brackets - prob'!G39-M40)*(1+2*G40)-'Brackets - prob'!G39^2+M40^2-2*('Brackets - prob'!G39*'Brackets - freq'!G39-S40)) | AR40: =SUM($AL40:AL40) | AS40: =SUM($AL40:AM40) | AT40: =SUM($AL40:AN40) | AU40: =SUM($AL40:AO40) | AV40: =SUM($AL40:AP40) | AW40: =SUM($AL40:AQ40) | AX40: =IF(Z40=0,0,AR40/Z40) | AY40: =IF(AA40=0,0,AS40/AA40) | AZ40: =IF(AB40=0,0,AT40/AB40) | BA40: =IF(AC40=0,0,AU40/AC40) | BB40: =IF(AD40=0,0,AV40/AD40) | BC40: =IF(AE40=0,0,AW40/AE40) | BD40: =IF(OR(AX40=0,AX40<=-1),1,0) | BE40: =IF(OR(AY40=0,AY40<=-1),1,0) | BF40: =IF(OR(AZ40=0,AZ40<=-1),1,0) | BG40: =IF(OR(BA40=0,BA40<=-1),1,0) | BH40: =IF(OR(BB40=0,BB40<=-1),1,0) | BI40: =IF(OR(BC40=0,BC40<=-1),1,0) | BJ40: =IF(AND('Brackets - prob'!B39>H40-0.5,'Brackets - freq'!B39/'Brackets - prob'!B39<N40/H40^2),1,0) | BK40: =IF(AND('Brackets - prob'!C39>I40-0.5,'Brackets - freq'!C39/'Brackets - prob'!C39<O40/I40^2),1,0) | BL40: =IF(AND('Brackets - prob'!D39>J40-0.5,'Brackets - freq'!D39/'Brackets - prob'!D39<P40/J40^2),1,0) | BM40: =IF(AND('Brackets - prob'!E39>K40-0.5,'Brackets - freq'!E39/'Brackets - prob'!E39<Q40/K40^2),1,0) | BN40: =IF(AND('Brackets - prob'!F39>L40-0.5,'Brackets - freq'!F39/'Brackets - prob'!F39<R40/L40^2),1,0) | BO40: =IF(AND('Brackets - prob'!G39>M40-0.5,'Brackets - freq'!G39/'Brackets - prob'!G39<S40/M40^2),1,0)
A41: Kansas State | B41: =SUMPRODUCT('Brackets - prob'!B40:B41,'Brackets - freq'!B40:B41) | C41: =C40 | D41: =D40 | E41: =E40 | F41: =F40 | G41: =G40 | H41: =MAX('Brackets - prob'!B40:B41) | I41: =I40 | J41: =J40 | K41: =K40 | L41: =L40 | M41: =M40 | N41: =AVERAGEIF('Brackets - prob'!B40:B41,"="&H41,'Brackets - freq'!B40:B41)*H41 | O41: =O40 | P41: =P40 | Q41: =Q40 | R41: =R40 | S41: =S40 | T41: =Bracket!E$2*('Brackets - prob'!B40-H41) | U41: =Bracket!F$2*('Brackets - prob'!C40-I41) | V41: =Bracket!G$2*('Brackets - prob'!D40-J41) | W41: =Bracket!H$2*('Brackets - prob'!E40-K41) | X41: =Bracket!I$2*('Brackets - prob'!F40-L41) | Y41: =Bracket!J$2*('Brackets - prob'!G40-M41) | Z41: =SUM(T41:$T41) | AA41: =SUM($T41:U41) | AB41: =SUM($T41:V41) | AC41: =SUM($T41:W41) | AD41: =SUM($T41:X41) | AE41: =SUM($T41:Y41) | AF41: ='Brackets - prob'!B40*(1-'Brackets - prob'!B40-2*'Brackets - freq'!B40+2*B41)+B41-B41^2 | AG41: ='Brackets - prob'!C40*(1-'Brackets - prob'!C40-2*'Brackets - freq'!C40+2*C41)+C41-C41^2 | AH41: ='Brackets - prob'!D40*(1-'Brackets - prob'!D40-2*'Brackets - freq'!D40+2*D41)+D41-D41^2 | AI41: ='Brackets - prob'!E40*(1-'Brackets - prob'!E40-2*'Brackets - freq'!E40+2*E41)+E41-E41^2 | AJ41: ='Brackets - prob'!F40*(1-'Brackets - prob'!F40-2*'Brackets - freq'!F40+2*F41)+F41-F41^2 | AK41: ='Brackets - prob'!G40*(1-'Brackets - prob'!G40-2*'Brackets - freq'!G40+2*G41)+G41-G41^2 | AL41: =Bracket!E$2^2*(('Brackets - prob'!B40-H41)*(1+2*B41)-'Brackets - prob'!B40^2+H41^2-2*('Brackets - prob'!B40*'Brackets - freq'!B40-N41)) | AM41: =Bracket!F$2^2*(('Brackets - prob'!C40-I41)*(1+2*C41)-'Brackets - prob'!C40^2+I41^2-2*('Brackets - prob'!C40*'Brackets - freq'!C40-O41)) | AN41: =Bracket!G$2^2*(('Brackets - prob'!D40-J41)*(1+2*D41)-'Brackets - prob'!D40^2+J41^2-2*('Brackets - prob'!D40*'Brackets - freq'!D40-P41)) | AO41: =Bracket!H$2^2*(('Brackets - prob'!E40-K41)*(1+2*E41)-'Brackets - prob'!E40^2+K41^2-2*('Brackets - prob'!E40*'Brackets - freq'!E40-Q41)) | AP41: =Bracket!I$2^2*(('Brackets - prob'!F40-L41)*(1+2*F41)-'Brackets - prob'!F40^2+L41^2-2*('Brackets - prob'!F40*'Brackets - freq'!F40-R41)) | AQ41: =Bracket!J$2^2*(('Brackets - prob'!G40-M41)*(1+2*G41)-'Brackets - prob'!G40^2+M41^2-2*('Brackets - prob'!G40*'Brackets - freq'!G40-S41)) | AR41: =SUM($AL41:AL41) | AS41: =SUM($AL41:AM41) | AT41: =SUM($AL41:AN41) | AU41: =SUM($AL41:AO41) | AV41: =SUM($AL41:AP41) | AW41: =SUM($AL41:AQ41) | AX41: =IF(Z41=0,0,AR41/Z41) | AY41: =IF(AA41=0,0,AS41/AA41) | AZ41: =IF(AB41=0,0,AT41/AB41) | BA41: =IF(AC41=0,0,AU41/AC41) | BB41: =IF(AD41=0,0,AV41/AD41) | BC41: =IF(AE41=0,0,AW41/AE41) | BD41: =IF(OR(AX41=0,AX41<=-1),1,0) | BE41: =IF(OR(AY41=0,AY41<=-1),1,0) | BF41: =IF(OR(AZ41=0,AZ41<=-1),1,0) | BG41: =IF(OR(BA41=0,BA41<=-1),1,0) | BH41: =IF(OR(BB41=0,BB41<=-1),1,0) | BI41: =IF(OR(BC41=0,BC41<=-1),1,0) | BJ41: =IF(AND('Brackets - prob'!B40>H41-0.5,'Brackets - freq'!B40/'Brackets - prob'!B40<N41/H41^2),1,0) | BK41: =IF(AND('Brackets - prob'!C40>I41-0.5,'Brackets - freq'!C40/'Brackets - prob'!C40<O41/I41^2),1,0) | BL41: =IF(AND('Brackets - prob'!D40>J41-0.5,'Brackets - freq'!D40/'Brackets - prob'!D40<P41/J41^2),1,0) | BM41: =IF(AND('Brackets - prob'!E40>K41-0.5,'Brackets - freq'!E40/'Brackets - prob'!E40<Q41/K41^2),1,0) | BN41: =IF(AND('Brackets - prob'!F40>L41-0.5,'Brackets - freq'!F40/'Brackets - prob'!F40<R41/L41^2),1,0) | BO41: =IF(AND('Brackets - prob'!G40>M41-0.5,'Brackets - freq'!G40/'Brackets - prob'!G40<S41/M41^2),1,0)
A42: UC Irvine | B42: =B41 | C42: =C41 | D42: =D41 | E42: =E41 | F42: =F41 | G42: =G41 | H42: =H41 | I42: =I41 | ... S42: =S41 | T42: =Bracket!E$2*('Brackets - prob'!B41-H42) | U42: =Bracket!F$2*('Brackets - prob'!C41-I42) | V42: =Bracket!G$2*('Brackets - prob'!D41-J42) | W42: =Bracket!H$2*('Brackets - prob'!E41-K42) | X42: =Bracket!I$2*('Brackets - prob'!F41-L42) | Y42: =Bracket!J$2*('Brackets - prob'!G41-M42) | Z42: =SUM(T42:$T42) | AA42: =SUM($T42:U42) | AB42: =SUM($T42:V42) | AC42: =SUM($T42:W42) | AD42: =SUM($T42:X42) | AE42: =SUM($T42:Y42) | AF42: ='Brackets - prob'!B41*(1-'Brackets - prob'!B41-2*'Brackets - freq'!B41+2*B42)+B42-B42^2 | AG42: ='Brackets - prob'!C41*(1-'Brackets - prob'!C41-2*'Brackets - freq'!C41+2*C42)+C42-C42^2 | AH42: ='Brackets - prob'!D41*(1-'Brackets - prob'!D41-2*'Brackets - freq'!D41+2*D42)+D42-D42^2 | AI42: ='Brackets - prob'!E41*(1-'Brackets - prob'!E41-2*'Brackets - freq'!E41+2*E42)+E42-E42^2 | AJ42: ='Brackets - prob'!F41*(1-'Brackets - prob'!F41-2*'Brackets - freq'!F41+2*F42)+F42-F42^2 | AK42: ='Brackets - prob'!G41*(1-'Brackets - prob'!G41-2*'Brackets - freq'!G41+2*G42)+G42-G42^2 | AL42: =Bracket!E$2^2*(('Brackets - prob'!B41-H42)*(1+2*B42)-'Brackets - prob'!B41^2+H42^2-2*('Brackets - prob'!B41*'Brackets - freq'!B41-N42)) | AM42: =Bracket!F$2^2*(('Brackets - prob'!C41-I42)*(1+2*C42)-'Brackets - prob'!C41^2+I42^2-2*('Brackets - prob'!C41*'Brackets - freq'!C41-O42)) | AN42: =Bracket!G$2^2*(('Brackets - prob'!D41-J42)*(1+2*D42)-'Brackets - prob'!D41^2+J42^2-2*('Brackets - prob'!D41*'Brackets - freq'!D41-P42)) | AO42: =Bracket!H$2^2*(('Brackets - prob'!E41-K42)*(1+2*E42)-'Brackets - prob'!E41^2+K42^2-2*('Brackets - prob'!E41*'Brackets - freq'!E41-Q42)) | AP42: =Bracket!I$2^2*(('Brackets - prob'!F41-L42)*(1+2*F42)-'Brackets - prob'!F41^2+L42^2-2*('Brackets - prob'!F41*'Brackets - freq'!F41-R42)) | AQ42: =Bracket!J$2^2*(('Brackets - prob'!G41-M42)*(1+2*G42)-'Brackets - prob'!G41^2+M42^2-2*('Brackets - prob'!G41*'Brackets - freq'!G41-S42)) | AR42: =SUM($AL42:AL42) | AS42: =SUM($AL42:AM42) | AT42: =SUM($AL42:AN42) | AU42: =SUM($AL42:AO42) | AV42: =SUM($AL42:AP42) | AW42: =SUM($AL42:AQ42) | AX42: =IF(Z42=0,0,AR42/Z42) | AY42: =IF(AA42=0,0,AS42/AA42) | AZ42: =IF(AB42=0,0,AT42/AB42) | BA42: =IF(AC42=0,0,AU42/AC42) | BB42: =IF(AD42=0,0,AV42/AD42) | BC42: =IF(AE42=0,0,AW42/AE42) | BD42: =IF(OR(AX42=0,AX42<=-1),1,0) | BE42: =IF(OR(AY42=0,AY42<=-1),1,0) | BF42: =IF(OR(AZ42=0,AZ42<=-1),1,0) | BG42: =IF(OR(BA42=0,BA42<=-1),1,0) | BH42: =IF(OR(BB42=0,BB42<=-1),1,0) | BI42: =IF(OR(BC42=0,BC42<=-1),1,0) | BJ42: =IF(AND('Brackets - prob'!B41>H42-0.5,'Brackets - freq'!B41/'Brackets - prob'!B41<N42/H42^2),1,0) | BK42: =IF(AND('Brackets - prob'!C41>I42-0.5,'Brackets - freq'!C41/'Brackets - prob'!C41<O42/I42^2),1,0) | BL42: =IF(AND('Brackets - prob'!D41>J42-0.5,'Brackets - freq'!D41/'Brackets - prob'!D41<P42/J42^2),1,0) | BM42: =IF(AND('Brackets - prob'!E41>K42-0.5,'Brackets - freq'!E41/'Brackets - prob'!E41<Q42/K42^2),1,0) | BN42: =IF(AND('Brackets - prob'!F41>L42-0.5,'Brackets - freq'!F41/'Brackets - prob'!F41<R42/L42^2),1,0) | BO42: =IF(AND('Brackets - prob'!G41>M42-0.5,'Brackets - freq'!G41/'Brackets - prob'!G41<S42/M42^2),1,0)
A43: Villanova | B43: =SUMPRODUCT('Brackets - prob'!B42:B43,'Brackets - freq'!B42:B43) | C43: =SUMPRODUCT('Brackets - prob'!C42:C45,'Brackets - freq'!C42:C45) | D43: =SUMPRODUCT('Brackets - prob'!D42:D49,'Brackets - freq'!D42:D49) | E43: =E42 | F43: =F42 | G43: =G42 | H43: =MAX('Brackets - prob'!B42:B43) | I43: =MAX('Brackets - prob'!C42:C45) | J43: =MAX('Brackets - prob'!D42:D49) | K43: =K42 | L43: =L42 | M43: =M42 | N43: =AVERAGEIF('Brackets - prob'!B42:B43,"="&H43,'Brackets - freq'!B42:B43)*H43 | O43: =AVERAGEIF('Brackets - prob'!C42:C45,"="&I43,'Brackets - freq'!C42:C45)*I43 | P43: =AVERAGEIF('Brackets - prob'!D42:D49,"="&J43,'Brackets - freq'!D42:D49)*J43 | Q43: =Q42 | R43: =R42 | S43: =S42 | T43: =Bracket!E$2*('Brackets - prob'!B42-H43) | U43: =Bracket!F$2*('Brackets - prob'!C42-I43) | V43: =Bracket!G$2*('Brackets - prob'!D42-J43) | W43: =Bracket!H$2*('Brackets - prob'!E42-K43) | X43: =Bracket!I$2*('Brackets - prob'!F42-L43) | Y43: =Bracket!J$2*('Brackets - prob'!G42-M43) | Z43: =SUM(T43:$T43) | AA43: =SUM($T43:U43) | AB43: =SUM($T43:V43) | AC43: =SUM($T43:W43) | AD43: =SUM($T43:X43) | AE43: =SUM($T43:Y43) | AF43: ='Brackets - prob'!B42*(1-'Brackets - prob'!B42-2*'Brackets - freq'!B42+2*B43)+B43-B43^2 | AG43: ='Brackets - prob'!C42*(1-'Brackets - prob'!C42-2*'Brackets - freq'!C42+2*C43)+C43-C43^2 | AH43: ='Brackets - prob'!D42*(1-'Brackets - prob'!D42-2*'Brackets - freq'!D42+2*D43)+D43-D43^2 | AI43: ='Brackets - prob'!E42*(1-'Brackets - prob'!E42-2*'Brackets - freq'!E42+2*E43)+E43-E43^2 | AJ43: ='Brackets - prob'!F42*(1-'Brackets - prob'!F42-2*'Brackets - freq'!F42+2*F43)+F43-F43^2 | AK43: ='Brackets - prob'!G42*(1-'Brackets - prob'!G42-2*'Brackets - freq'!G42+2*G43)+G43-G43^2 | AL43: =Bracket!E$2^2*(('Brackets - prob'!B42-H43)*(1+2*B43)-'Brackets - prob'!B42^2+H43^2-2*('Brackets - prob'!B42*'Brackets - freq'!B42-N43)) | AM43: =Bracket!F$2^2*(('Brackets - prob'!C42-I43)*(1+2*C43)-'Brackets - prob'!C42^2+I43^2-2*('Brackets - prob'!C42*'Brackets - freq'!C42-O43)) | AN43: =Bracket!G$2^2*(('Brackets - prob'!D42-J43)*(1+2*D43)-'Brackets - prob'!D42^2+J43^2-2*('Brackets - prob'!D42*'Brackets - freq'!D42-P43)) | AO43: =Bracket!H$2^2*(('Brackets - prob'!E42-K43)*(1+2*E43)-'Brackets - prob'!E42^2+K43^2-2*('Brackets - prob'!E42*'Brackets - freq'!E42-Q43)) | AP43: =Bracket!I$2^2*(('Brackets - prob'!F42-L43)*(1+2*F43)-'Brackets - prob'!F42^2+L43^2-2*('Brackets - prob'!F42*'Brackets - freq'!F42-R43)) | AQ43: =Bracket!J$2^2*(('Brackets - prob'!G42-M43)*(1+2*G43)-'Brackets - prob'!G42^2+M43^2-2*('Brackets - prob'!G42*'Brackets - freq'!G42-S43)) | AR43: =SUM($AL43:AL43) | AS43: =SUM($AL43:AM43) | AT43: =SUM($AL43:AN43) | AU43: =SUM($AL43:AO43) | AV43: =SUM($AL43:AP43) | AW43: =SUM($AL43:AQ43) | AX43: =IF(Z43=0,0,AR43/Z43) | AY43: =IF(AA43=0,0,AS43/AA43) | AZ43: =IF(AB43=0,0,AT43/AB43) | BA43: =IF(AC43=0,0,AU43/AC43) | BB43: =IF(AD43=0,0,AV43/AD43) | BC43: =IF(AE43=0,0,AW43/AE43) | BD43: =IF(OR(AX43=0,AX43<=-1),1,0) | BE43: =IF(OR(AY43=0,AY43<=-1),1,0) | BF43: =IF(OR(AZ43=0,AZ43<=-1),1,0) | BG43: =IF(OR(BA43=0,BA43<=-1),1,0) | BH43: =IF(OR(BB43=0,BB43<=-1),1,0) | BI43: =IF(OR(BC43=0,BC43<=-1),1,0) | BJ43: =IF(AND('Brackets - prob'!B42>H43-0.5,'Brackets - freq'!B42/'Brackets - prob'!B42<N43/H43^2),1,0) | BK43: =IF(AND('Brackets - prob'!C42>I43-0.5,'Brackets - freq'!C42/'Brackets - prob'!C42<O43/I43^2),1,0) | BL43: =IF(AND('Brackets - prob'!D42>J43-0.5,'Brackets - freq'!D42/'Brackets - prob'!D42<P43/J43^2),1,0) | BM43: =IF(AND('Brackets - prob'!E42>K43-0.5,'Brackets - freq'!E42/'Brackets - prob'!E42<Q43/K43^2),1,0) | BN43: =IF(AND('Brackets - prob'!F42>L43-0.5,'Brackets - freq'!F42/'Brackets - prob'!F42<R43/L43^2),1,0) | BO43: =IF(AND('Brackets - prob'!G42>M43-0.5,'Brackets - freq'!G42/'Brackets - prob'!G42<S43/M43^2),1,0)
